[{"id":"6285854904695@s.whatsapp.net","healt":100},{"id":"6282228669890@s.whatsapp.net","healt":100},{"id":"6289639588670@s.whatsapp.net","healt":90},{"id":"6289639588670@s.whatsapp.net","healt":90},{"id":"6281276958403@s.whatsapp.net","healt":100},{"id":"6281276958403@s.whatsapp.net","healt":90},{"id":"6281276958403@s.whatsapp.net","healt":90},{"id":"6281276958403@s.whatsapp.net","healt":70},{"id":"6281276958403@s.whatsapp.net","healt":90},{"id":"6282197170314@s.whatsapp.net","healt":100},{"id":"6285783417029@s.whatsapp.net","healt":100},{"id":"6281321109703@s.whatsapp.net","healt":100}]