[{"id":"62882020692678@s.whatsapp.net","ikan":0,"ayam":0,"kelinci":0,"domba":0,"sapi":0,"gajah":0},{"id":"6285854904695@s.whatsapp.net","ikan":0,"ayam":0,"kelinci":0,"domba":0,"sapi":0,"gajah":0},{"id":"6282228669890@s.whatsapp.net","ikan":0,"ayam":0,"kelinci":0,"domba":0,"sapi":0,"gajah":0},{"id":"6289639588670@s.whatsapp.net","ikan":9,"ayam":7,"kelinci":7,"domba":0,"sapi":5,"gajah":0},{"id":"6289639588670@s.whatsapp.net","ikan":1,"ayam":2,"kelinci":4,"domba":4,"sapi":3,"gajah":1},{"id":"6289644400564@s.whatsapp.net","ikan":0,"ayam":0,"kelinci":0,"domba":0,"sapi":0,"gajah":0},{"id":"6281276958403@s.whatsapp.net","ikan":0,"ayam":0,"kelinci":0,"domba":0,"sapi":0,"gajah":0},{"id":"6281276958403@s.whatsapp.net","ikan":0,"ayam":0,"kelinci":0,"domba":0,"sapi":0,"gajah":0},{"id":"6281276958403@s.whatsapp.net","ikan":0,"ayam":0,"kelinci":0,"domba":0,"sapi":0,"gajah":0},{"id":"6281276958403@s.whatsapp.net","ikan":0,"ayam":0,"kelinci":0,"domba":0,"sapi":0,"gajah":0},{"id":"6281276958403@s.whatsapp.net","ikan":0,"ayam":0,"kelinci":0,"domba":0,"sapi":0,"gajah":0},{"id":"6281276958403@s.whatsapp.net","ikan":1,"ayam":2,"kelinci":2,"domba":1,"sapi":0,"gajah":0},{"id":"6281276958403@s.whatsapp.net","ikan":8,"ayam":2,"kelinci":1,"domba":6,"sapi":0,"gajah":4},{"id":"6281276958403@s.whatsapp.net","ikan":6,"ayam":5,"kelinci":1,"domba":2,"sapi":0,"gajah":0},{"id":"6281276958403@s.whatsapp.net","ikan":3,"ayam":3,"kelinci":5,"domba":5,"sapi":0,"gajah":0},{"id":"6282197170314@s.whatsapp.net","ikan":0,"ayam":0,"kelinci":0,"domba":0,"sapi":0,"gajah":0},{"id":"6287785508244@s.whatsapp.net","ikan":0,"ayam":0,"kelinci":0,"domba":0,"sapi":0,"gajah":0},{"id":"6287785508244@s.whatsapp.net","ikan":0,"ayam":0,"kelinci":0,"domba":0,"sapi":0,"gajah":0},{"id":"6285783417029@s.whatsapp.net","ikan":0,"ayam":0,"kelinci":0,"domba":0,"sapi":0,"gajah":0},{"id":"6281321109703@s.whatsapp.net","ikan":0,"ayam":0,"kelinci":0,"domba":0,"sapi":0,"gajah":0}]