[{"id":"62882020692678@s.whatsapp.net","besi":15,"gold":10,"emerald":5,"umpan":5,"potion":1},{"id":"6285854904695@s.whatsapp.net","besi":15,"gold":10,"emerald":5,"umpan":5,"potion":1},{"id":"6282228669890@s.whatsapp.net","besi":15,"gold":10,"emerald":5,"umpan":5,"potion":11},{"id":"6289644400564@s.whatsapp.net","besi":15,"gold":10,"emerald":5,"umpan":5,"potion":1},{"id":"6281276958403@s.whatsapp.net","besi":15,"gold":10,"emerald":5,"umpan":5,"potion":11},{"id":"6281276958403@s.whatsapp.net","besi":15,"gold":10,"emerald":5,"umpan":5,"potion":1},{"id":"6281276958403@s.whatsapp.net","besi":15,"gold":10,"emerald":5,"umpan":5,"potion":1},{"id":"6281276958403@s.whatsapp.net","besi":15,"gold":10,"emerald":5,"umpan":5,"potion":1001},{"id":"6281276958403@s.whatsapp.net","besi":15,"gold":10,"emerald":5,"umpan":5,"potion":1},{"id":"6281276958403@s.whatsapp.net","besi":20,"gold":10,"emerald":6,"umpan":5,"potion":1},{"id":"6281276958403@s.whatsapp.net","besi":16,"gold":10,"emerald":5,"umpan":5,"potion":1},{"id":"6282197170314@s.whatsapp.net","besi":15,"gold":10,"emerald":5,"umpan":5,"potion":1},{"id":"6287785508244@s.whatsapp.net","besi":15,"gold":10,"emerald":5,"umpan":5,"potion":1},{"id":"6287785508244@s.whatsapp.net","besi":15,"gold":10,"emerald":5,"umpan":5,"potion":1},{"id":"6285783417029@s.whatsapp.net","besi":15,"gold":10,"emerald":5,"umpan":5,"potion":1},{"id":"6281321109703@s.whatsapp.net","besi":15,"gold":10,"emerald":5,"umpan":5,"potion":1}]