{
  "users": {
    "6282197170314@s.whatsapp.net": {
      "afkTime": -1,
      "afkReason": "",
      "limit": 12
    },
    "6285888181832@s.whatsapp.net": {
      "afkTime": -1,
      "afkReason": "",
      "limit": 12
    },
    "6287778405247@s.whatsapp.net": {
      "afkTime": -1,
      "afkReason": "",
      "limit": 12
    },
    "6281238772258@s.whatsapp.net": {
      "afkTime": -1,
      "afkReason": "",
      "limit": 12
    },
    "6281268401629@s.whatsapp.net": {
      "afkTime": -1,
      "afkReason": "",
      "limit": 12
    },
    "6289522155705@s.whatsapp.net": {
      "afkTime": -1,
      "afkReason": "",
      "limit": 12
    },
    "6285784890304@s.whatsapp.net": {
      "afkTime": -1,
      "afkReason": "",
      "limit": 12
    },
    "601119430920@s.whatsapp.net": {
      "afkTime": -1,
      "afkReason": "",
      "limit": 12
    },
    "6285838756948@s.whatsapp.net": {
      "afkTime": -1,
      "afkReason": "",
      "limit": 12
    },
    "62895627514070@s.whatsapp.net": {
      "afkTime": -1,
      "afkReason": "",
      "limit": 12
    },
    "6285755781178@s.whatsapp.net": {
      "afkTime": -1,
      "afkReason": "",
      "limit": 12
    },
    "6287730569750@s.whatsapp.net": {
      "afkTime": -1,
      "afkReason": "",
      "limit": 12
    },
    "6283107793127@s.whatsapp.net": {
      "afkTime": -1,
      "afkReason": "",
      "limit": 12
    },
    "6283153626548@s.whatsapp.net": {
      "afkTime": -1,
      "afkReason": "",
      "limit": 12
    },
    "6283155997772@s.whatsapp.net": {
      "afkTime": -1,
      "afkReason": "",
      "limit": 12
    },
    "6281286210398@s.whatsapp.net": {
      "afkTime": -1,
      "afkReason": "",
      "limit": 12
    },
    "6287877928022@s.whatsapp.net": {
      "afkTime": -1,
      "afkReason": "",
      "limit": 12
    },
    "6285296353232@s.whatsapp.net": {
      "afkTime": -1,
      "afkReason": "",
      "limit": 12
    },
    "6282249015848@s.whatsapp.net": {
      "afkTime": -1,
      "afkReason": "",
      "limit": 12
    },
    "6285257544080@s.whatsapp.net": {
      "afkTime": -1,
      "afkReason": "",
      "limit": 12
    },
    "62882009456379@s.whatsapp.net": {
      "afkTime": -1,
      "afkReason": "",
      "limit": 12
    },
    "6281288832570@s.whatsapp.net": {
      "afkTime": -1,
      "afkReason": "",
      "limit": 12
    },
    "6285361331734@s.whatsapp.net": {
      "afkTime": -1,
      "afkReason": "",
      "limit": 12
    },
    "6285835580911@s.whatsapp.net": {
      "afkTime": -1,
      "afkReason": "",
      "limit": 12
    },
    "6285337681701@s.whatsapp.net": {
      "afkTime": -1,
      "afkReason": "",
      "limit": 12
    },
    "6282251494816@s.whatsapp.net": {
      "afkTime": -1,
      "afkReason": "",
      "limit": 12
    },
    "6283153401691@s.whatsapp.net": {
      "afkTime": -1,
      "afkReason": "",
      "limit": 12
    },
    "6282166293715@s.whatsapp.net": {
      "afkTime": -1,
      "afkReason": "",
      "limit": 12
    },
    "6282123477442@s.whatsapp.net": {
      "afkTime": -1,
      "afkReason": "",
      "limit": 12
    },
    "6285337063085@s.whatsapp.net": {
      "afkTime": -1,
      "afkReason": "",
      "limit": 12
    },
    "6281396482956@s.whatsapp.net": {
      "afkTime": -1,
      "afkReason": "",
      "limit": 12
    },
    "6281287008965@s.whatsapp.net": {
      "afkTime": -1,
      "afkReason": "",
      "limit": 12
    },
    "6282359305382@s.whatsapp.net": {
      "afkTime": -1,
      "afkReason": "",
      "limit": 12
    },
    "6288271630760@s.whatsapp.net": {
      "afkTime": -1,
      "afkReason": "",
      "limit": 12
    },
    "6281276958403@s.whatsapp.net": {
      "afkTime": -1,
      "afkReason": "",
      "limit": 12
    },
    "6281939308449@s.whatsapp.net": {
      "afkTime": -1,
      "afkReason": "",
      "limit": 12
    },
    "6289601920819@s.whatsapp.net": {
      "afkTime": -1,
      "afkReason": "",
      "limit": 12
    },
    "6282118523120@s.whatsapp.net": {
      "afkTime": -1,
      "afkReason": "",
      "limit": 12
    },
    "6283144856793@s.whatsapp.net": {
      "afkTime": -1,
      "afkReason": "",
      "limit": 12
    },
    "6282115838618@s.whatsapp.net": {
      "afkTime": -1,
      "afkReason": "",
      "limit": 12
    },
    "6285711815220@s.whatsapp.net": {
      "afkTime": -1,
      "afkReason": "",
      "limit": 12
    },
    "6289670037113@s.whatsapp.net": {
      "afkTime": -1,
      "afkReason": "",
      "limit": 12
    },
    "6283841910791@s.whatsapp.net": {
      "afkTime": -1,
      "afkReason": "",
      "limit": 12
    },
    "6281391293595@s.whatsapp.net": {
      "afkTime": -1,
      "afkReason": "",
      "limit": 12
    },
    "6283827305553@s.whatsapp.net": {
      "afkTime": -1,
      "afkReason": "",
      "limit": 12
    },
    "6285608482250@s.whatsapp.net": {
      "afkTime": -1,
      "afkReason": "",
      "limit": 12
    },
    "6289636443917@s.whatsapp.net": {
      "afkTime": -1,
      "afkReason": "",
      "limit": 12
    },
    "62881038051549@s.whatsapp.net": {
      "afkTime": -1,
      "afkReason": "",
      "limit": 12
    },
    "6285711360572@s.whatsapp.net": {
      "afkTime": -1,
      "afkReason": "",
      "limit": 12
    },
    "628977423819@s.whatsapp.net": {
      "afkTime": -1,
      "afkReason": "",
      "limit": 12
    },
    "6282393030377@s.whatsapp.net": {
      "afkTime": -1,
      "afkReason": "",
      "limit": 12
    },
    "62895413745224@s.whatsapp.net": {
      "afkTime": -1,
      "afkReason": "",
      "limit": 12
    },
    "6283153172979@s.whatsapp.net": {
      "afkTime": -1,
      "afkReason": "",
      "limit": 12
    },
    "6285328965761@s.whatsapp.net": {
      "afkTime": -1,
      "afkReason": "",
      "limit": 12
    },
    "6285814047226@s.whatsapp.net": {
      "afkTime": -1,
      "afkReason": "",
      "limit": 12
    },
    "6283870481256@s.whatsapp.net": {
      "afkTime": -1,
      "afkReason": "",
      "limit": 12
    },
    "24102200416@s.whatsapp.net": {
      "afkTime": -1,
      "afkReason": "",
      "limit": 12
    },
    "24176384391@s.whatsapp.net": {
      "afkTime": -1,
      "afkReason": "",
      "limit": 12
    },
    "6282126471925@s.whatsapp.net": {
      "afkTime": -1,
      "afkReason": "",
      "limit": 12
    },
    "24105499110@s.whatsapp.net": {
      "afkTime": -1,
      "afkReason": "",
      "limit": 12
    },
    "6283111247526@s.whatsapp.net": {
      "afkTime": -1,
      "afkReason": "",
      "limit": 12
    },
    "6288802861764@s.whatsapp.net": {
      "afkTime": -1,
      "afkReason": "",
      "limit": 12
    },
    "6282145907662@s.whatsapp.net": {
      "afkTime": -1,
      "afkReason": "",
      "limit": 12
    },
    "6287810960679@s.whatsapp.net": {
      "afkTime": -1,
      "afkReason": "",
      "limit": 12
    },
    "62895322118664@s.whatsapp.net": {
      "afkTime": -1,
      "afkReason": "",
      "limit": 12
    },
    "62887436086444@s.whatsapp.net": {
      "afkTime": -1,
      "afkReason": "",
      "limit": 12
    },
    "6289530201100@s.whatsapp.net": {
      "afkTime": -1,
      "afkReason": "",
      "limit": 12
    },
    "6282123398010@s.whatsapp.net": {
      "afkTime": -1,
      "afkReason": "",
      "limit": 12
    },
    "6283141821651@s.whatsapp.net": {
      "afkTime": -1,
      "afkReason": "",
      "limit": 12
    },
    "6281210806633@s.whatsapp.net": {
      "afkTime": -1,
      "afkReason": "",
      "limit": 12
    },
    "6283897291321@s.whatsapp.net": {
      "afkTime": -1,
      "afkReason": "",
      "limit": 12
    },
    "60189858580@s.whatsapp.net": {
      "afkTime": -1,
      "afkReason": "",
      "limit": 12
    },
    "6281361620096@s.whatsapp.net": {
      "afkTime": -1,
      "afkReason": "",
      "limit": 12
    },
    "6285738456922@s.whatsapp.net": {
      "afkTime": -1,
      "afkReason": "",
      "limit": 12
    },
    "6285860211423@s.whatsapp.net": {
      "afkTime": -1,
      "afkReason": "",
      "limit": 12
    },
    "62882008113244@s.whatsapp.net": {
      "afkTime": -1,
      "afkReason": "",
      "limit": 12
    },
    "62882009107336@s.whatsapp.net": {
      "afkTime": -1,
      "afkReason": "",
      "limit": 12
    },
    "628815754587@s.whatsapp.net": {
      "afkTime": -1,
      "afkReason": "",
      "limit": 12
    },
    "6282271567423@s.whatsapp.net": {
      "afkTime": -1,
      "afkReason": "",
      "limit": 12
    },
    "6281267197662@s.whatsapp.net": {
      "afkTime": -1,
      "afkReason": "",
      "limit": 12
    },
    "62887436240356@s.whatsapp.net": {
      "afkTime": -1,
      "afkReason": "",
      "limit": 12
    },
    "6283140972832@s.whatsapp.net": {
      "afkTime": -1,
      "afkReason": "",
      "limit": 12
    },
    "6282340143584@s.whatsapp.net": {
      "afkTime": -1,
      "afkReason": "",
      "limit": 12
    },
    "628884252890@s.whatsapp.net": {
      "afkTime": -1,
      "afkReason": "",
      "limit": 12
    },
    "62895384193914@s.whatsapp.net": {
      "afkTime": -1,
      "afkReason": "",
      "limit": 12
    },
    "6281356048012@s.whatsapp.net": {
      "afkTime": -1,
      "afkReason": "",
      "limit": 12
    },
    "6281311850715@s.whatsapp.net": {
      "afkTime": -1,
      "afkReason": "",
      "limit": 12
    },
    "6285269481029@s.whatsapp.net": {
      "afkTime": -1,
      "afkReason": "",
      "limit": 12
    },
    "62895385983966@s.whatsapp.net": {
      "afkTime": -1,
      "afkReason": "",
      "limit": 12
    },
    "628984208421@s.whatsapp.net": {
      "afkTime": -1,
      "afkReason": "",
      "limit": 12
    },
    "6285238817720@s.whatsapp.net": {
      "afkTime": -1,
      "afkReason": "",
      "limit": 12
    },
    "6285790846616@s.whatsapp.net": {
      "afkTime": -1,
      "afkReason": "",
      "limit": 12
    },
    "60166118486@s.whatsapp.net": {
      "afkTime": -1,
      "afkReason": "",
      "limit": 12
    },
    "6282195121504@s.whatsapp.net": {
      "afkTime": -1,
      "afkReason": "",
      "limit": 12
    },
    "6289633680005@s.whatsapp.net": {
      "afkTime": -1,
      "afkReason": "",
      "limit": 12
    },
    "6288294630812@s.whatsapp.net": {
      "afkTime": -1,
      "afkReason": "",
      "limit": 12
    },
    "6282133273825@s.whatsapp.net": {
      "afkTime": -1,
      "afkReason": "",
      "limit": 12
    },
    "6285348274335@s.whatsapp.net": {
      "afkTime": -1,
      "afkReason": "",
      "limit": 12
    },
    "6285852237728@s.whatsapp.net": {
      "afkTime": -1,
      "afkReason": "",
      "limit": 12
    },
    "6281213695680@s.whatsapp.net": {
      "afkTime": -1,
      "afkReason": "",
      "limit": 12
    },
    "6285727504417@s.whatsapp.net": {
      "afkTime": -1,
      "afkReason": "",
      "limit": 12
    },
    "6285741328012@s.whatsapp.net": {
      "afkTime": -1,
      "afkReason": "",
      "limit": 12
    },
    "6282228669890@s.whatsapp.net": {
      "afkTime": -1,
      "afkReason": "",
      "limit": 12
    },
    "6289669089256@s.whatsapp.net": {
      "afkTime": -1,
      "afkReason": "",
      "limit": 12
    },
    "6281236167286@s.whatsapp.net": {
      "afkTime": -1,
      "afkReason": "",
      "limit": 12
    },
    "6282268815368@s.whatsapp.net": {
      "afkTime": -1,
      "afkReason": "",
      "limit": 12
    },
    "6281930289867@s.whatsapp.net": {
      "afkTime": -1,
      "afkReason": "",
      "limit": 12
    },
    "6282197774046@s.whatsapp.net": {
      "afkTime": -1,
      "afkReason": "",
      "limit": 12
    },
    "6289519168017@s.whatsapp.net": {
      "afkTime": -1,
      "afkReason": "",
      "limit": 12
    },
    "6285238241305@s.whatsapp.net": {
      "afkTime": -1,
      "afkReason": "",
      "limit": 12
    },
    "6285338748621@s.whatsapp.net": {
      "afkTime": -1,
      "afkReason": "",
      "limit": 12
    },
    "62881011331150@s.whatsapp.net": {
      "afkTime": -1,
      "afkReason": "",
      "limit": 12
    },
    "6285773603653@s.whatsapp.net": {
      "afkTime": -1,
      "afkReason": "",
      "limit": 12
    },
    "6285730240370@s.whatsapp.net": {
      "afkTime": -1,
      "afkReason": "",
      "limit": 12
    },
    "6285810786309@s.whatsapp.net": {
      "afkTime": -1,
      "afkReason": "",
      "limit": 12
    },
    "628990874944@s.whatsapp.net": {
      "afkTime": -1,
      "afkReason": "",
      "limit": 12
    },
    "6282123383748@s.whatsapp.net": {
      "afkTime": -1,
      "afkReason": "",
      "limit": 12
    },
    "6285942860081@s.whatsapp.net": {
      "afkTime": -1,
      "afkReason": "",
      "limit": 12
    },
    "6281364373407@s.whatsapp.net": {
      "afkTime": -1,
      "afkReason": "",
      "limit": 12
    },
    "6282340614495@s.whatsapp.net": {
      "afkTime": -1,
      "afkReason": "",
      "limit": 12
    },
    "6281325919553@s.whatsapp.net": {
      "afkTime": -1,
      "afkReason": "",
      "limit": 12
    },
    "62882020692678@s.whatsapp.net": {
      "afkTime": -1,
      "afkReason": "",
      "limit": 12
    },
    "6285813708397@s.whatsapp.net": {
      "afkTime": -1,
      "afkReason": "",
      "limit": 12
    },
    "6282384401507@s.whatsapp.net": {
      "afkTime": -1,
      "afkReason": "",
      "limit": 12
    },
    "6285719345232@s.whatsapp.net": {
      "afkTime": -1,
      "afkReason": "",
      "limit": 12
    },
    "6288222386258@s.whatsapp.net": {
      "afkTime": -1,
      "afkReason": "",
      "limit": 12
    },
    "60189781659@s.whatsapp.net": {
      "afkTime": -1,
      "afkReason": "",
      "limit": 12
    },
    "6285749616721@s.whatsapp.net": {
      "afkTime": -1,
      "afkReason": "",
      "limit": 12
    },
    "6285892346820@s.whatsapp.net": {
      "afkTime": -1,
      "afkReason": "",
      "limit": 12
    },
    "918000157905@s.whatsapp.net": {
      "afkTime": -1,
      "afkReason": "",
      "limit": 12
    },
    "6285331268018@s.whatsapp.net": {
      "afkTime": -1,
      "afkReason": "",
      "limit": 12
    },
    "62881024019299@s.whatsapp.net": {
      "afkTime": -1,
      "afkReason": "",
      "limit": 12
    },
    "6287765713891@s.whatsapp.net": {
      "afkTime": -1,
      "afkReason": "",
      "limit": 12
    },
    "6289531604860@s.whatsapp.net": {
      "afkTime": -1,
      "afkReason": "",
      "limit": 12
    },
    "6287848216561@s.whatsapp.net": {
      "afkTime": -1,
      "afkReason": "",
      "limit": 12
    },
    "6281334902185@s.whatsapp.net": {
      "afkTime": -1,
      "afkReason": "",
      "limit": 12
    },
    "6282195568474@s.whatsapp.net": {
      "afkTime": -1,
      "afkReason": "",
      "limit": 12
    },
    "6285730450981@s.whatsapp.net": {
      "afkTime": -1,
      "afkReason": "",
      "limit": 12
    },
    "6282147585718@s.whatsapp.net": {
      "afkTime": -1,
      "afkReason": "",
      "limit": 12
    },
    "6283863978398@s.whatsapp.net": {
      "afkTime": -1,
      "afkReason": "",
      "limit": 12
    },
    "628812529206@s.whatsapp.net": {
      "afkTime": -1,
      "afkReason": "",
      "limit": 12
    },
    "6289649824414@s.whatsapp.net": {
      "afkTime": -1,
      "afkReason": "",
      "limit": 12
    },
    "6282136811866@s.whatsapp.net": {
      "afkTime": -1,
      "afkReason": "",
      "limit": 12
    },
    "6285822344045@s.whatsapp.net": {
      "afkTime": -1,
      "afkReason": "",
      "limit": 12
    },
    "6281246868513@s.whatsapp.net": {
      "afkTime": -1,
      "afkReason": "",
      "limit": 12
    },
    "6281339186934@s.whatsapp.net": {
      "afkTime": -1,
      "afkReason": "",
      "limit": 12
    },
    "6282340771640@s.whatsapp.net": {
      "afkTime": -1,
      "afkReason": "",
      "limit": 12
    },
    "6282215244266@s.whatsapp.net": {
      "afkTime": -1,
      "afkReason": "",
      "limit": 12
    },
    "6283164920484@s.whatsapp.net": {
      "afkTime": -1,
      "afkReason": "",
      "limit": 12
    },
    "6283876810538@s.whatsapp.net": {
      "afkTime": -1,
      "afkReason": "",
      "limit": 12
    },
    "628973904212@s.whatsapp.net": {
      "afkTime": -1,
      "afkReason": "",
      "limit": 12
    },
    "6281918360388@s.whatsapp.net": {
      "afkTime": -1,
      "afkReason": "",
      "limit": 12
    },
    "6282123704464@s.whatsapp.net": {
      "afkTime": -1,
      "afkReason": "",
      "limit": 12
    },
    "601170731445@s.whatsapp.net": {
      "afkTime": -1,
      "afkReason": "",
      "limit": 12
    },
    "62881011428841@s.whatsapp.net": {
      "afkTime": -1,
      "afkReason": "",
      "limit": 12
    },
    "6283821740859@s.whatsapp.net": {
      "afkTime": -1,
      "afkReason": "",
      "limit": 12
    },
    "6289602613255@s.whatsapp.net": {
      "afkTime": -1,
      "afkReason": "",
      "limit": 12
    },
    "6281807074207@s.whatsapp.net": {
      "afkTime": -1,
      "afkReason": "",
      "limit": 12
    },
    "6285736664155@s.whatsapp.net": {
      "afkTime": -1,
      "afkReason": "",
      "limit": 12
    },
    "6281322071520@s.whatsapp.net": {
      "afkTime": -1,
      "afkReason": "",
      "limit": 12
    },
    "6282283295686@s.whatsapp.net": {
      "afkTime": -1,
      "afkReason": "",
      "limit": 12
    },
    "6289689020771@s.whatsapp.net": {
      "afkTime": -1,
      "afkReason": "",
      "limit": 12
    },
    "6285643283772@s.whatsapp.net": {
      "afkTime": -1,
      "afkReason": "",
      "limit": 12
    },
    "62895421810800@s.whatsapp.net": {
      "afkTime": -1,
      "afkReason": "",
      "limit": 12
    },
    "6288742610439@s.whatsapp.net": {
      "afkTime": -1,
      "afkReason": "",
      "limit": 12
    },
    "62882003221236@s.whatsapp.net": {
      "afkTime": -1,
      "afkReason": "",
      "limit": 12
    },
    "6288242610141@s.whatsapp.net": {
      "afkTime": -1,
      "afkReason": "",
      "limit": 12
    },
    "6281272496346@s.whatsapp.net": {
      "afkTime": -1,
      "afkReason": "",
      "limit": 12
    },
    "6288291458289@s.whatsapp.net": {
      "afkTime": -1,
      "afkReason": "",
      "limit": 12
    },
    "6288217038626@s.whatsapp.net": {
      "afkTime": -1,
      "afkReason": "",
      "limit": 12
    },
    "6289514249732@s.whatsapp.net": {
      "afkTime": -1,
      "afkReason": "",
      "limit": 12
    },
    "6283879665651@s.whatsapp.net": {
      "afkTime": -1,
      "afkReason": "",
      "limit": 12
    },
    "6283120870241@s.whatsapp.net": {
      "afkTime": -1,
      "afkReason": "",
      "limit": 12
    },
    "6285230215431@s.whatsapp.net": {
      "afkTime": -1,
      "afkReason": "",
      "limit": 12
    },
    "6281339522069@s.whatsapp.net": {
      "afkTime": -1,
      "afkReason": "",
      "limit": 12
    },
    "6283114440924@s.whatsapp.net": {
      "afkTime": -1,
      "afkReason": "",
      "limit": 12
    },
    "6283134509411@s.whatsapp.net": {
      "afkTime": -1,
      "afkReason": "",
      "limit": 12
    },
    "6281250961328@s.whatsapp.net": {
      "afkTime": -1,
      "afkReason": "",
      "limit": 12
    },
    "6281223417020@s.whatsapp.net": {
      "afkTime": -1,
      "afkReason": "",
      "limit": 12
    },
    "6285712071030@s.whatsapp.net": {
      "afkTime": -1,
      "afkReason": "",
      "limit": 12
    },
    "6285706767448@s.whatsapp.net": {
      "afkTime": -1,
      "afkReason": "",
      "limit": 12
    },
    "6289603518420@s.whatsapp.net": {
      "afkTime": -1,
      "afkReason": "",
      "limit": 12
    },
    "6283877138790@s.whatsapp.net": {
      "afkTime": -1,
      "afkReason": "",
      "limit": 12
    },
    "6281573872097@s.whatsapp.net": {
      "afkTime": -1,
      "afkReason": "",
      "limit": 12
    },
    "6282353108295@s.whatsapp.net": {
      "afkTime": -1,
      "afkReason": "",
      "limit": 12
    },
    "6283840291844@s.whatsapp.net": {
      "afkTime": -1,
      "afkReason": "",
      "limit": 12
    },
    "6282282311743@s.whatsapp.net": {
      "afkTime": -1,
      "afkReason": "",
      "limit": 12
    },
    "6285338072109@s.whatsapp.net": {
      "afkTime": -1,
      "afkReason": "",
      "limit": 12
    },
    "601125256858@s.whatsapp.net": {
      "afkTime": -1,
      "afkReason": "",
      "limit": 12
    },
    "6282341855646@s.whatsapp.net": {
      "afkTime": -1,
      "afkReason": "",
      "limit": 12
    },
    "6281321109703@s.whatsapp.net": {
      "afkTime": -1,
      "afkReason": "",
      "limit": 12
    },
    "6281252208533@s.whatsapp.net": {
      "afkTime": -1,
      "afkReason": "",
      "limit": 12
    },
    "6288227367886@s.whatsapp.net": {
      "afkTime": -1,
      "afkReason": "",
      "limit": 12
    },
    "6281536907492@s.whatsapp.net": {
      "afkTime": -1,
      "afkReason": "",
      "limit": 12
    },
    "62882002921924@s.whatsapp.net": {
      "afkTime": -1,
      "afkReason": "",
      "limit": 12
    },
    "6285719214072@s.whatsapp.net": {
      "afkTime": -1,
      "afkReason": "",
      "limit": 12
    },
    "6283831551870@s.whatsapp.net": {
      "afkTime": -1,
      "afkReason": "",
      "limit": 12
    },
    "6282141255540@s.whatsapp.net": {
      "afkTime": -1,
      "afkReason": "",
      "limit": 12
    },
    "62887435454893@s.whatsapp.net": {
      "afkTime": -1,
      "afkReason": "",
      "limit": 12
    },
    "60145130981@s.whatsapp.net": {
      "afkTime": -1,
      "afkReason": "",
      "limit": 12
    },
    "6285657167629@s.whatsapp.net": {
      "afkTime": -1,
      "afkReason": "",
      "limit": 12
    },
    "62882021075575@s.whatsapp.net": {
      "afkTime": -1,
      "afkReason": "",
      "limit": 12
    },
    "6282124289157@s.whatsapp.net": {
      "afkTime": -1,
      "afkReason": "",
      "limit": 12
    },
    "6281225714545@s.whatsapp.net": {
      "afkTime": -1,
      "afkReason": "",
      "limit": 12
    },
    "6283124492963@s.whatsapp.net": {
      "afkTime": -1,
      "afkReason": "",
      "limit": 12
    },
    "6287828074738@s.whatsapp.net": {
      "afkTime": -1,
      "afkReason": "",
      "limit": 12
    },
    "6287844193316@s.whatsapp.net": {
      "afkTime": -1,
      "afkReason": "",
      "limit": 12
    },
    "6281333744545@s.whatsapp.net": {
      "afkTime": -1,
      "afkReason": "",
      "limit": 12
    },
    "6285806274695@s.whatsapp.net": {
      "afkTime": -1,
      "afkReason": "",
      "limit": 12
    },
    "601129082594@s.whatsapp.net": {
      "afkTime": -1,
      "afkReason": "",
      "limit": 12
    },
    "6283115666607@s.whatsapp.net": {
      "afkTime": -1,
      "afkReason": "",
      "limit": 12
    },
    "6281344208205@s.whatsapp.net": {
      "afkTime": -1,
      "afkReason": "",
      "limit": 12
    },
    "6281338302495@s.whatsapp.net": {
      "afkTime": -1,
      "afkReason": "",
      "limit": 12
    },
    "6283116004621@s.whatsapp.net": {
      "afkTime": -1,
      "afkReason": "",
      "limit": 12
    },
    "6289675645515@s.whatsapp.net": {
      "afkTime": -1,
      "afkReason": "",
      "limit": 12
    },
    "628814067360@s.whatsapp.net": {
      "afkTime": -1,
      "afkReason": "",
      "limit": 12
    },
    "6281229640898@s.whatsapp.net": {
      "afkTime": -1,
      "afkReason": "",
      "limit": 12
    },
    "6287863360316@s.whatsapp.net": {
      "afkTime": -1,
      "afkReason": "",
      "limit": 12
    },
    "6281329416585@s.whatsapp.net": {
      "afkTime": -1,
      "afkReason": "",
      "limit": 12
    },
    "60177785723@s.whatsapp.net": {
      "afkTime": -1,
      "afkReason": "",
      "limit": 12
    },
    "6281528922474@s.whatsapp.net": {
      "afkTime": -1,
      "afkReason": "",
      "limit": 12
    },
    "62895323237835@s.whatsapp.net": {
      "afkTime": -1,
      "afkReason": "",
      "limit": 12
    },
    "6285783417029@s.whatsapp.net": {
      "afkTime": -1,
      "afkReason": "",
      "limit": 12
    },
    "6281932063759@s.whatsapp.net": {
      "afkTime": -1,
      "afkReason": "",
      "limit": 12
    },
    "6285947125856@s.whatsapp.net": {
      "afkTime": -1,
      "afkReason": "",
      "limit": 12
    },
    "6283139033443@s.whatsapp.net": {
      "afkTime": -1,
      "afkReason": "",
      "limit": 12
    },
    "6285324424536@s.whatsapp.net": {
      "afkTime": -1,
      "afkReason": "",
      "limit": 12
    },
    "628812487039@s.whatsapp.net": {
      "afkTime": -1,
      "afkReason": "",
      "limit": 12
    },
    "6287892657310@s.whatsapp.net": {
      "afkTime": -1,
      "afkReason": "",
      "limit": 12
    },
    "6283876973801@s.whatsapp.net": {
      "afkTime": -1,
      "afkReason": "",
      "limit": 12
    },
    "62881027137385@s.whatsapp.net": {
      "afkTime": -1,
      "afkReason": "",
      "limit": 12
    },
    "6283844579119@s.whatsapp.net": {
      "afkTime": -1,
      "afkReason": "",
      "limit": 12
    },
    "6281546964571@s.whatsapp.net": {
      "afkTime": -1,
      "afkReason": "",
      "limit": 12
    },
    "62895384791768@s.whatsapp.net": {
      "afkTime": -1,
      "afkReason": "",
      "limit": 12
    },
    "6285271951712@s.whatsapp.net": {
      "afkTime": -1,
      "afkReason": "",
      "limit": 12
    },
    "6282137894702@s.whatsapp.net": {
      "afkTime": -1,
      "afkReason": "",
      "limit": 12
    },
    "6285854904695@s.whatsapp.net": {
      "afkTime": -1,
      "afkReason": "",
      "limit": 12
    },
    "6283892538091@s.whatsapp.net": {
      "afkTime": -1,
      "afkReason": "",
      "limit": 12
    },
    "6289509540258@s.whatsapp.net": {
      "afkTime": -1,
      "afkReason": "",
      "limit": 12
    },
    "6283848728579@s.whatsapp.net": {
      "afkTime": -1,
      "afkReason": "",
      "limit": 12
    },
    "6282340774635@s.whatsapp.net": {
      "afkTime": -1,
      "afkReason": "",
      "limit": 12
    },
    "6283137177515@s.whatsapp.net": {
      "afkTime": -1,
      "afkReason": "",
      "limit": 12
    },
    "62895378318833@s.whatsapp.net": {
      "afkTime": -1,
      "afkReason": "",
      "limit": 12
    },
    "6285624358929@s.whatsapp.net": {
      "afkTime": -1,
      "afkReason": "",
      "limit": 12
    },
    "6282246424926@s.whatsapp.net": {
      "afkTime": -1,
      "afkReason": "",
      "limit": 12
    },
    "6282159006255@s.whatsapp.net": {
      "afkTime": -1,
      "afkReason": "",
      "limit": 12
    },
    "62895625520779@s.whatsapp.net": {
      "afkTime": -1,
      "afkReason": "",
      "limit": 12
    },
    "6285769274410@s.whatsapp.net": {
      "afkTime": -1,
      "afkReason": "",
      "limit": 12
    },
    "6281339822510@s.whatsapp.net": {
      "afkTime": -1,
      "afkReason": "",
      "limit": 12
    },
    "62895324968765@s.whatsapp.net": {
      "afkTime": -1,
      "afkReason": "",
      "limit": 12
    },
    "6285773243362@s.whatsapp.net": {
      "afkTime": -1,
      "afkReason": "",
      "limit": 12
    },
    "6282170897315@s.whatsapp.net": {
      "afkTime": -1,
      "afkReason": "",
      "limit": 12
    },
    "6285942928655@s.whatsapp.net": {
      "afkTime": -1,
      "afkReason": "",
      "limit": 12
    },
    "6285333981339@s.whatsapp.net": {
      "afkTime": -1,
      "afkReason": "",
      "limit": 12
    },
    "6282123992246@s.whatsapp.net": {
      "afkTime": -1,
      "afkReason": "",
      "limit": 12
    },
    "6285268014797@s.whatsapp.net": {
      "afkTime": -1,
      "afkReason": "",
      "limit": 12
    },
    "60168148026@s.whatsapp.net": {
      "afkTime": -1,
      "afkReason": "",
      "limit": 12
    },
    "6285786897889@s.whatsapp.net": {
      "afkTime": -1,
      "afkReason": "",
      "limit": 12
    },
    "6283844887939@s.whatsapp.net": {
      "afkTime": -1,
      "afkReason": "",
      "limit": 12
    },
    "6287899982024@s.whatsapp.net": {
      "afkTime": -1,
      "afkReason": "",
      "limit": 12
    },
    "6285238279418@s.whatsapp.net": {
      "afkTime": -1,
      "afkReason": "",
      "limit": 12
    },
    "6283837267834@s.whatsapp.net": {
      "afkTime": -1,
      "afkReason": "",
      "limit": 12
    },
    "6282111875189@s.whatsapp.net": {
      "afkTime": -1,
      "afkReason": "",
      "limit": 12
    },
    "6283198901599@s.whatsapp.net": {
      "afkTime": -1,
      "afkReason": "",
      "limit": 12
    },
    "6281410291530@s.whatsapp.net": {
      "afkTime": -1,
      "afkReason": "",
      "limit": 12
    },
    "6283117751122@s.whatsapp.net": {
      "afkTime": -1,
      "afkReason": "",
      "limit": 12
    },
    "6285640318527@s.whatsapp.net": {
      "afkTime": -1,
      "afkReason": "",
      "limit": 12
    },
    "6285338921974@s.whatsapp.net": {
      "afkTime": -1,
      "afkReason": "",
      "limit": 12
    },
    "6289519338564@s.whatsapp.net": {
      "afkTime": -1,
      "afkReason": "",
      "limit": 12
    },
    "6285396586375@s.whatsapp.net": {
      "afkTime": -1,
      "afkReason": "",
      "limit": 12
    },
    "6285222287855@s.whatsapp.net": {
      "afkTime": -1,
      "afkReason": "",
      "limit": 12
    },
    "6287785508244@s.whatsapp.net": {
      "afkTime": -1,
      "afkReason": "",
      "limit": 12
    },
    "6285239815433@s.whatsapp.net": {
      "afkTime": -1,
      "afkReason": "",
      "limit": 12
    },
    "6282237265831@s.whatsapp.net": {
      "afkTime": -1,
      "afkReason": "",
      "limit": 12
    },
    "6281388899038@s.whatsapp.net": {
      "afkTime": -1,
      "afkReason": "",
      "limit": 12
    },
    "6282238261343@s.whatsapp.net": {
      "afkTime": -1,
      "afkReason": "",
      "limit": 12
    },
    "6289697553397@s.whatsapp.net": {
      "afkTime": -1,
      "afkReason": "",
      "limit": 12
    },
    "6288905962604@s.whatsapp.net": {
      "afkTime": -1,
      "afkReason": "",
      "limit": 12
    },
    "6283162483926@s.whatsapp.net": {
      "afkTime": -1,
      "afkReason": "",
      "limit": 12
    },
    "6281246431093@s.whatsapp.net": {
      "afkTime": -1,
      "afkReason": "",
      "limit": 12
    },
    "6285758617493@s.whatsapp.net": {
      "afkTime": -1,
      "afkReason": "",
      "limit": 12
    },
    "6287711380215@s.whatsapp.net": {
      "afkTime": -1,
      "afkReason": "",
      "limit": 12
    },
    "6282125873814@s.whatsapp.net": {
      "afkTime": -1,
      "afkReason": "",
      "limit": 12
    },
    "24106584959@s.whatsapp.net": {
      "afkTime": -1,
      "afkReason": "",
      "limit": 12
    },
    "6283832656941@s.whatsapp.net": {
      "afkTime": -1,
      "afkReason": "",
      "limit": 12
    },
    "628990013363@s.whatsapp.net": {
      "afkTime": -1,
      "afkReason": "",
      "limit": 12
    },
    "6283127243185@s.whatsapp.net": {
      "afkTime": -1,
      "afkReason": "",
      "limit": 12
    },
    "595993357130@s.whatsapp.net": {
      "afkTime": -1,
      "afkReason": "",
      "limit": 12
    },
    "6281349668933@s.whatsapp.net": {
      "afkTime": -1,
      "afkReason": "",
      "limit": 12
    },
    "6288290915142@s.whatsapp.net": {
      "afkTime": -1,
      "afkReason": "",
      "limit": 12
    },
    "6281235314493@s.whatsapp.net": {
      "afkTime": -1,
      "afkReason": "",
      "limit": 12
    },
    "6288296800285@s.whatsapp.net": {
      "afkTime": -1,
      "afkReason": "",
      "limit": 12
    },
    "6281346338541@s.whatsapp.net": {
      "afkTime": -1,
      "afkReason": "",
      "limit": 12
    },
    "6281253561968@s.whatsapp.net": {
      "afkTime": -1,
      "afkReason": "",
      "limit": 12
    },
    "6288801345356@s.whatsapp.net": {
      "afkTime": -1,
      "afkReason": "",
      "limit": 12
    },
    "12268548852@s.whatsapp.net": {
      "afkTime": -1,
      "afkReason": "",
      "limit": 12
    },
    "6281915047814@s.whatsapp.net": {
      "afkTime": -1,
      "afkReason": "",
      "limit": 12
    },
    "6288233978936@s.whatsapp.net": {
      "afkTime": -1,
      "afkReason": "",
      "limit": 12
    },
    "6285736134679@s.whatsapp.net": {
      "afkTime": -1,
      "afkReason": "",
      "limit": 12
    },
    "6285333971981@s.whatsapp.net": {
      "afkTime": -1,
      "afkReason": "",
      "limit": 12
    },
    "6289663241017@s.whatsapp.net": {
      "afkTime": -1,
      "afkReason": "",
      "limit": 12
    },
    "6285923138391@s.whatsapp.net": {
      "afkTime": -1,
      "afkReason": "",
      "limit": 12
    },
    "6283830817019@s.whatsapp.net": {
      "afkTime": -1,
      "afkReason": "",
      "limit": 12
    },
    "6281239952993@s.whatsapp.net": {
      "afkTime": -1,
      "afkReason": "",
      "limit": 12
    },
    "6285695721220@s.whatsapp.net": {
      "afkTime": -1,
      "afkReason": "",
      "limit": 12
    },
    "6287830611451@s.whatsapp.net": {
      "afkTime": -1,
      "afkReason": "",
      "limit": 12
    },
    "6285863431509@s.whatsapp.net": {
      "afkTime": -1,
      "afkReason": "",
      "limit": 12
    },
    "6282237130900@s.whatsapp.net": {
      "afkTime": -1,
      "afkReason": "",
      "limit": 12
    },
    "601151504811@s.whatsapp.net": {
      "afkTime": -1,
      "afkReason": "",
      "limit": 12
    },
    "60168172749@s.whatsapp.net": {
      "afkTime": -1,
      "afkReason": "",
      "limit": 12
    },
    "6283895923883@s.whatsapp.net": {
      "afkTime": -1,
      "afkReason": "",
      "limit": 12
    },
    "6285770349968@s.whatsapp.net": {
      "afkTime": -1,
      "afkReason": "",
      "limit": 12
    },
    "6282324837941@s.whatsapp.net": {
      "afkTime": -1,
      "afkReason": "",
      "limit": 12
    },
    "6283133008604@s.whatsapp.net": {
      "afkTime": -1,
      "afkReason": "",
      "limit": 12
    },
    "6285794070153@s.whatsapp.net": {
      "afkTime": -1,
      "afkReason": "",
      "limit": 12
    },
    "62823248379411@s.whatsapp.net": {
      "afkTime": -1,
      "afkReason": "",
      "limit": 12
    },
    "6283102136849@s.whatsapp.net": {
      "afkTime": -1,
      "afkReason": "",
      "limit": 12
    },
    "6282193448321@s.whatsapp.net": {
      "afkTime": -1,
      "afkReason": "",
      "limit": 12
    },
    "6289517521085@s.whatsapp.net": {
      "afkTime": -1,
      "afkReason": "",
      "limit": 12
    },
    "6289612920389@s.whatsapp.net": {
      "afkTime": -1,
      "afkReason": "",
      "limit": 12
    },
    "6285704359692@s.whatsapp.net": {
      "afkTime": -1,
      "afkReason": "",
      "limit": 12
    },
    "6288224739345@s.whatsapp.net": {
      "afkTime": -1,
      "afkReason": "",
      "limit": 12
    },
    "6287740861813@s.whatsapp.net": {
      "afkTime": -1,
      "afkReason": "",
      "limit": 12
    },
    "62895347407688@s.whatsapp.net": {
      "afkTime": -1,
      "afkReason": "",
      "limit": 12
    },
    "6285343955709@s.whatsapp.net": {
      "afkTime": -1,
      "afkReason": "",
      "limit": 12
    },
    "62895345211080@s.whatsapp.net": {
      "afkTime": -1,
      "afkReason": "",
      "limit": 12
    },
    "6281219239975@s.whatsapp.net": {
      "afkTime": -1,
      "afkReason": "",
      "limit": 12
    },
    "6289523717797@s.whatsapp.net": {
      "afkTime": -1,
      "afkReason": "",
      "limit": 12
    },
    "6287863027490@s.whatsapp.net": {
      "afkTime": -1,
      "afkReason": "",
      "limit": 12
    },
    "6285933763586@s.whatsapp.net": {
      "afkTime": -1,
      "afkReason": "",
      "limit": 12
    },
    "6281339767425@s.whatsapp.net": {
      "afkTime": -1,
      "afkReason": "",
      "limit": 12
    },
    "6285867665237@s.whatsapp.net": {
      "afkTime": -1,
      "afkReason": "",
      "limit": 12
    },
    "6281214925049@s.whatsapp.net": {
      "afkTime": -1,
      "afkReason": "",
      "limit": 12
    },
    "6283191084415@s.whatsapp.net": {
      "afkTime": -1,
      "afkReason": "",
      "limit": 12
    },
    "6289639588670@s.whatsapp.net": {
      "afkTime": -1,
      "afkReason": "",
      "limit": 12
    },
    "6282132069848@s.whatsapp.net": {
      "afkTime": -1,
      "afkReason": "",
      "limit": 12
    },
    "62895334785942@s.whatsapp.net": {
      "afkTime": -1,
      "afkReason": "",
      "limit": 12
    },
    "6287761853261@s.whatsapp.net": {
      "afkTime": -1,
      "afkReason": "",
      "limit": 12
    },
    "6282193454020@s.whatsapp.net": {
      "afkTime": -1,
      "afkReason": "",
      "limit": 12
    },
    "6287730074125@s.whatsapp.net": {
      "afkTime": -1,
      "afkReason": "",
      "limit": 12
    },
    "6281361777046@s.whatsapp.net": {
      "afkTime": -1,
      "afkReason": "",
      "limit": 12
    },
    "6281549304927@s.whatsapp.net": {
      "afkTime": -1,
      "afkReason": "",
      "limit": 12
    },
    "6288227831809@s.whatsapp.net": {
      "afkTime": -1,
      "afkReason": "",
      "limit": 12
    },
    "6289644400564@s.whatsapp.net": {
      "afkTime": -1,
      "afkReason": "",
      "limit": 12
    },
    "6281260610726@s.whatsapp.net": {
      "afkTime": -1,
      "afkReason": "",
      "limit": 12
    },
    "6289613164411@s.whatsapp.net": {
      "afkTime": -1,
      "afkReason": "",
      "limit": 12
    },
    "6283853911737@s.whatsapp.net": {
      "afkTime": -1,
      "afkReason": "",
      "limit": 12
    },
    "6281239141033@s.whatsapp.net": {
      "afkTime": -1,
      "afkReason": "",
      "limit": 12
    },
    "60134466801@s.whatsapp.net": {
      "afkTime": -1,
      "afkReason": "",
      "limit": 12
    },
    "6283890284607@s.whatsapp.net": {
      "afkTime": -1,
      "afkReason": "",
      "limit": 12
    },
    "628565337357@s.whatsapp.net": {
      "afkTime": -1,
      "afkReason": "",
      "limit": 12
    },
    "6283811839079@s.whatsapp.net": {
      "afkTime": -1,
      "afkReason": "",
      "limit": 12
    },
    "6287798397690@s.whatsapp.net": {
      "afkTime": -1,
      "afkReason": "",
      "limit": 12
    },
    "6281343546732@s.whatsapp.net": {
      "afkTime": -1,
      "afkReason": "",
      "limit": 12
    },
    "6282340092033@s.whatsapp.net": {
      "afkTime": -1,
      "afkReason": "",
      "limit": 12
    },
    "6288268299840@s.whatsapp.net": {
      "afkTime": -1,
      "afkReason": "",
      "limit": 12
    },
    "6282116483990@s.whatsapp.net": {
      "afkTime": -1,
      "afkReason": "",
      "limit": 12
    },
    "6285239100110@s.whatsapp.net": {
      "afkTime": -1,
      "afkReason": "",
      "limit": 12
    },
    "6281999670286@s.whatsapp.net": {
      "afkTime": -1,
      "afkReason": "",
      "limit": 12
    },
    "6282159281238@s.whatsapp.net": {
      "afkTime": -1,
      "afkReason": "",
      "limit": 12
    },
    "6285695716810@s.whatsapp.net": {
      "afkTime": -1,
      "afkReason": "",
      "limit": 12
    },
    "6282273138702@s.whatsapp.net": {
      "afkTime": -1,
      "afkReason": "",
      "limit": 12
    },
    "6282134931204@s.whatsapp.net": {
      "afkTime": -1,
      "afkReason": "",
      "limit": 12
    },
    "6282252946151@s.whatsapp.net": {
      "afkTime": -1,
      "afkReason": "",
      "limit": 12
    },
    "6285659665570@s.whatsapp.net": {
      "afkTime": -1,
      "afkReason": "",
      "limit": 12
    },
    "6288279349436@s.whatsapp.net": {
      "afkTime": -1,
      "afkReason": "",
      "limit": 12
    },
    "6285792667790@s.whatsapp.net": {
      "afkTime": -1,
      "afkReason": "",
      "limit": 12
    },
    "6287861140828@s.whatsapp.net": {
      "afkTime": -1,
      "afkReason": "",
      "limit": 12
    },
    "6289654097314@s.whatsapp.net": {
      "afkTime": -1,
      "afkReason": "",
      "limit": 12
    },
    "6283185639335@s.whatsapp.net": {
      "afkTime": -1,
      "afkReason": "",
      "limit": 12
    },
    "6285757393457@s.whatsapp.net": {
      "afkTime": -1,
      "afkReason": "",
      "limit": 12
    },
    "6282338066056@s.whatsapp.net": {
      "afkTime": -1,
      "afkReason": "",
      "limit": 12
    },
    "6281273196803@s.whatsapp.net": {
      "afkTime": -1,
      "afkReason": "",
      "limit": 12
    },
    "918448581674@s.whatsapp.net": {
      "afkTime": -1,
      "afkReason": "",
      "limit": 12
    },
    "6283130636233@s.whatsapp.net": {
      "afkTime": -1,
      "afkReason": "",
      "limit": 12
    },
    "6285850854760@s.whatsapp.net": {
      "afkTime": -1,
      "afkReason": "",
      "limit": 12
    },
    "6285667627107@s.whatsapp.net": {
      "afkTime": -1,
      "afkReason": "",
      "limit": 12
    },
    "6289505139724@s.whatsapp.net": {
      "afkTime": -1,
      "afkReason": "",
      "limit": 12
    },
    "6281310758087@s.whatsapp.net": {
      "afkTime": -1,
      "afkReason": "",
      "limit": 12
    },
    "6288225268488@s.whatsapp.net": {
      "afkTime": -1,
      "afkReason": "",
      "limit": 12
    },
    "6282252448374@s.whatsapp.net": {
      "afkTime": -1,
      "afkReason": "",
      "limit": 12
    },
    "62882007142083@s.whatsapp.net": {
      "afkTime": -1,
      "afkReason": "",
      "limit": 12
    },
    "6282383290419@s.whatsapp.net": {
      "afkTime": -1,
      "afkReason": "",
      "limit": 12
    },
    "6285925133484@s.whatsapp.net": {
      "afkTime": -1,
      "afkReason": "",
      "limit": 12
    },
    "6282251330508@s.whatsapp.net": {
      "afkTime": -1,
      "afkReason": "",
      "limit": 12
    },
    "60132072088@s.whatsapp.net": {
      "afkTime": -1,
      "afkReason": "",
      "limit": 12
    },
    "62895401473498@s.whatsapp.net": {
      "afkTime": -1,
      "afkReason": "",
      "limit": 12
    },
    "6281245594083@s.whatsapp.net": {
      "afkTime": -1,
      "afkReason": "",
      "limit": 12
    },
    "6285838138069@s.whatsapp.net": {
      "afkTime": -1,
      "afkReason": "",
      "limit": 12
    },
    "6282135295646@s.whatsapp.net": {
      "afkTime": -1,
      "afkReason": "",
      "limit": 12
    },
    "62895326097380@s.whatsapp.net": {
      "afkTime": -1,
      "afkReason": "",
      "limit": 12
    },
    "6281282481437@s.whatsapp.net": {
      "afkTime": -1,
      "afkReason": "",
      "limit": 12
    },
    "6285955117464@s.whatsapp.net": {
      "afkTime": -1,
      "afkReason": "",
      "limit": 12
    },
    "62895322434592@s.whatsapp.net": {
      "afkTime": -1,
      "afkReason": "",
      "limit": 12
    },
    "6281386377856@s.whatsapp.net": {
      "afkTime": -1,
      "afkReason": "",
      "limit": 12
    },
    "6281265951241@s.whatsapp.net": {
      "afkTime": -1,
      "afkReason": "",
      "limit": 12
    },
    "6285337571941@s.whatsapp.net": {
      "afkTime": -1,
      "afkReason": "",
      "limit": 12
    },
    "6285277802516@s.whatsapp.net": {
      "afkTime": -1,
      "afkReason": "",
      "limit": 12
    },
    "6282142163741@s.whatsapp.net": {
      "afkTime": -1,
      "afkReason": "",
      "limit": 12
    },
    "6289517741410@s.whatsapp.net": {
      "afkTime": -1,
      "afkReason": "",
      "limit": 12
    },
    "6288213759888@s.whatsapp.net": {
      "afkTime": -1,
      "afkReason": "",
      "limit": 12
    },
    "6285333983891@s.whatsapp.net": {
      "afkTime": -1,
      "afkReason": "",
      "limit": 12
    },
    "6283156761314@s.whatsapp.net": {
      "afkTime": -1,
      "afkReason": "",
      "limit": 12
    },
    "6282196344783@s.whatsapp.net": {
      "afkTime": -1,
      "afkReason": "",
      "limit": 12
    },
    "24105529004@s.whatsapp.net": {
      "afkTime": -1,
      "afkReason": "",
      "limit": 12
    },
    "24104291571@s.whatsapp.net": {
      "afkTime": -1,
      "afkReason": "",
      "limit": 12
    },
    "6285723580038@s.whatsapp.net": {
      "afkTime": -1,
      "afkReason": "",
      "limit": 12
    },
    "6285868544505@s.whatsapp.net": {
      "afkTime": -1,
      "afkReason": "",
      "limit": 12
    },
    "6283135633594@s.whatsapp.net": {
      "afkTime": -1,
      "afkReason": "",
      "limit": 12
    },
    "919040049645@s.whatsapp.net": {
      "afkTime": -1,
      "afkReason": "",
      "limit": 12
    },
    "6282146482998@s.whatsapp.net": {
      "afkTime": -1,
      "afkReason": "",
      "limit": 12
    },
    "6281320832016@s.whatsapp.net": {
      "afkTime": -1,
      "afkReason": "",
      "limit": 12
    },
    "6285867714478@s.whatsapp.net": {
      "afkTime": -1,
      "afkReason": "",
      "limit": 12
    },
    "6285936713923@s.whatsapp.net": {
      "afkTime": -1,
      "afkReason": "",
      "limit": 12
    },
    "24176247479@s.whatsapp.net": {
      "afkTime": -1,
      "afkReason": "",
      "limit": 12
    },
    "6285839936163@s.whatsapp.net": {
      "afkTime": -1,
      "afkReason": "",
      "limit": 12
    },
    "62881026699737@s.whatsapp.net": {
      "afkTime": -1,
      "afkReason": "",
      "limit": 12
    },
    "6285239155517@s.whatsapp.net": {
      "afkTime": -1,
      "afkReason": "",
      "limit": 12
    },
    "6285239200971@s.whatsapp.net": {
      "afkTime": -1,
      "afkReason": "",
      "limit": 12
    },
    "6288224516930@s.whatsapp.net": {
      "afkTime": -1,
      "afkReason": "",
      "limit": 12
    },
    "6281243094151@s.whatsapp.net": {
      "afkTime": -1,
      "afkReason": "",
      "limit": 12
    },
    "6283836056345@s.whatsapp.net": {
      "afkTime": -1,
      "afkReason": "",
      "limit": 12
    },
    "6282114885729@s.whatsapp.net": {
      "afkTime": -1,
      "afkReason": "",
      "limit": 12
    },
    "6283852982887@s.whatsapp.net": {
      "afkTime": -1,
      "afkReason": "",
      "limit": 12
    },
    "6283877538113@s.whatsapp.net": {
      "afkTime": -1,
      "afkReason": "",
      "limit": 12
    },
    "6287720404660@s.whatsapp.net": {
      "afkTime": -1,
      "afkReason": "",
      "limit": 12
    },
    "6285780177016@s.whatsapp.net": {
      "afkTime": -1,
      "afkReason": "",
      "limit": 12
    },
    "6285735884444@s.whatsapp.net": {
      "afkTime": -1,
      "afkReason": "",
      "limit": 12
    },
    "6285714660205@s.whatsapp.net": {
      "afkTime": -1,
      "afkReason": "",
      "limit": 12
    },
    "6289519845992@s.whatsapp.net": {
      "afkTime": -1,
      "afkReason": "",
      "limit": 12
    },
    "6285314234339@s.whatsapp.net": {
      "afkTime": -1,
      "afkReason": "",
      "limit": 12
    },
    "6282331256498@s.whatsapp.net": {
      "afkTime": -1,
      "afkReason": "",
      "limit": 12
    },
    "601110534003@s.whatsapp.net": {
      "afkTime": -1,
      "afkReason": "",
      "limit": 12
    },
    "6285707305375@s.whatsapp.net": {
      "afkTime": -1,
      "afkReason": "",
      "limit": 12
    },
    "628979072517@s.whatsapp.net": {
      "afkTime": -1,
      "afkReason": "",
      "limit": 12
    },
    "6285774891464@s.whatsapp.net": {
      "afkTime": -1,
      "afkReason": "",
      "limit": 12
    },
    "6287713612609@s.whatsapp.net": {
      "afkTime": -1,
      "afkReason": "",
      "limit": 12
    },
    "6281216276849@s.whatsapp.net": {
      "afkTime": -1,
      "afkReason": "",
      "limit": 12
    },
    "6283893389250@s.whatsapp.net": {
      "afkTime": -1,
      "afkReason": "",
      "limit": 12
    },
    "6285895247753@s.whatsapp.net": {
      "afkTime": -1,
      "afkReason": "",
      "limit": 12
    },
    "6287762180457@s.whatsapp.net": {
      "afkTime": -1,
      "afkReason": "",
      "limit": 12
    },
    "6287759312656@s.whatsapp.net": {
      "afkTime": -1,
      "afkReason": "",
      "limit": 12
    },
    "6281350951143@s.whatsapp.net": {
      "afkTime": -1,
      "afkReason": "",
      "limit": 12
    },
    "6281364714156@s.whatsapp.net": {
      "afkTime": -1,
      "afkReason": "",
      "limit": 12
    },
    "6285648546179@s.whatsapp.net": {
      "afkTime": -1,
      "afkReason": "",
      "limit": 12
    },
    "6282353131237@s.whatsapp.net": {
      "afkTime": -1,
      "afkReason": "",
      "limit": 12
    },
    "6282216561354@s.whatsapp.net": {
      "afkTime": -1,
      "afkReason": "",
      "limit": 12
    },
    "6285784470227@s.whatsapp.net": {
      "afkTime": -1,
      "afkReason": "",
      "limit": 12
    },
    "62895806299735@s.whatsapp.net": {
      "afkTime": -1,
      "afkReason": "",
      "limit": 12
    },
    "62882008484561@s.whatsapp.net": {
      "afkTime": -1,
      "afkReason": "",
      "limit": 12
    },
    "6285691778459@s.whatsapp.net": {
      "afkTime": -1,
      "afkReason": "",
      "limit": 12
    },
    "6285216010628@s.whatsapp.net": {
      "afkTime": -1,
      "afkReason": "",
      "limit": 12
    },
    "6281384307028@s.whatsapp.net": {
      "afkTime": -1,
      "afkReason": "",
      "limit": 12
    },
    "6281258360183@s.whatsapp.net": {
      "afkTime": -1,
      "afkReason": "",
      "limit": 12
    },
    "6285806863252@s.whatsapp.net": {
      "afkTime": -1,
      "afkReason": "",
      "limit": 12
    },
    "6288266073846@s.whatsapp.net": {
      "afkTime": -1,
      "afkReason": "",
      "limit": 12
    },
    "6282262709934@s.whatsapp.net": {
      "afkTime": -1,
      "afkReason": "",
      "limit": 12
    },
    "6281257046893@s.whatsapp.net": {
      "afkTime": -1,
      "afkReason": "",
      "limit": 12
    },
    "6282171622867@s.whatsapp.net": {
      "afkTime": -1,
      "afkReason": "",
      "limit": 12
    },
    "6285348288140@s.whatsapp.net": {
      "afkTime": -1,
      "afkReason": "",
      "limit": 12
    },
    "6282121510405@s.whatsapp.net": {
      "afkTime": -1,
      "afkReason": "",
      "limit": 12
    },
    "6285882771848@s.whatsapp.net": {
      "afkTime": -1,
      "afkReason": "",
      "limit": 12
    },
    "62895322291404@s.whatsapp.net": {
      "afkTime": -1,
      "afkReason": "",
      "limit": 12
    },
    "6285896151911@s.whatsapp.net": {
      "afkTime": -1,
      "afkReason": "",
      "limit": 12
    },
    "6283862323703@s.whatsapp.net": {
      "afkTime": -1,
      "afkReason": "",
      "limit": 12
    },
    "6289631008798@s.whatsapp.net": {
      "afkTime": -1,
      "afkReason": "",
      "limit": 12
    },
    "6285975278057@s.whatsapp.net": {
      "afkTime": -1,
      "afkReason": "",
      "limit": 12
    },
    "6285693731450@s.whatsapp.net": {
      "afkTime": -1,
      "afkReason": "",
      "limit": 12
    },
    "6281339013587@s.whatsapp.net": {
      "afkTime": -1,
      "afkReason": "",
      "limit": 12
    },
    "6285246380250@s.whatsapp.net": {
      "afkTime": -1,
      "afkReason": "",
      "limit": 12
    },
    "6285607116083@s.whatsapp.net": {
      "afkTime": -1,
      "afkReason": "",
      "limit": 12
    },
    "6281342042805@s.whatsapp.net": {
      "afkTime": -1,
      "afkReason": "",
      "limit": 12
    },
    "6281311862450@s.whatsapp.net": {
      "afkTime": -1,
      "afkReason": "",
      "limit": 12
    },
    "6283114875042@s.whatsapp.net": {
      "afkTime": -1,
      "afkReason": "",
      "limit": 12
    },
    "6283165281595@s.whatsapp.net": {
      "afkTime": -1,
      "afkReason": "",
      "limit": 12
    },
    "2349046406859@s.whatsapp.net": {
      "afkTime": -1,
      "afkReason": "",
      "limit": 12
    },
    "6285828365264@s.whatsapp.net": {
      "afkTime": -1,
      "afkReason": "",
      "limit": 12
    },
    "6282254123708@s.whatsapp.net": {
      "afkTime": -1,
      "afkReason": "",
      "limit": 12
    },
    "6285697132912@s.whatsapp.net": {
      "afkTime": -1,
      "afkReason": "",
      "limit": 12
    },
    "6283848908876@s.whatsapp.net": {
      "afkTime": -1,
      "afkReason": "",
      "limit": 12
    },
    "6282362282044@s.whatsapp.net": {
      "afkTime": -1,
      "afkReason": "",
      "limit": 12
    },
    "6281243432326@s.whatsapp.net": {
      "afkTime": -1,
      "afkReason": "",
      "limit": 12
    },
    "6285651256805@s.whatsapp.net": {
      "afkTime": -1,
      "afkReason": "",
      "limit": 12
    },
    "6285814528987@s.whatsapp.net": {
      "afkTime": -1,
      "afkReason": "",
      "limit": 12
    },
    "6288221022327@s.whatsapp.net": {
      "afkTime": -1,
      "afkReason": "",
      "limit": 12
    },
    "6289691896293@s.whatsapp.net": {
      "afkTime": -1,
      "afkReason": "",
      "limit": 12
    },
    "6281314124802@s.whatsapp.net": {
      "afkTime": -1,
      "afkReason": "",
      "limit": 12
    },
    "62881026009477@s.whatsapp.net": {
      "afkTime": -1,
      "afkReason": "",
      "limit": 12
    },
    "6282143008759@s.whatsapp.net": {
      "afkTime": -1,
      "afkReason": "",
      "limit": 12
    },
    "6281389566932@s.whatsapp.net": {
      "afkTime": -1,
      "afkReason": "",
      "limit": 12
    },
    "62895803610103@s.whatsapp.net": {
      "afkTime": -1,
      "afkReason": "",
      "limit": 12
    },
    "6282197210183@s.whatsapp.net": {
      "afkTime": -1,
      "afkReason": "",
      "limit": 12
    }
  },
  "chats": {
    "120363044567306074@g.us": {
      "mute": false
    },
    "120363026952995549@g.us": {
      "mute": false
    },
    "status@broadcast": {
      "mute": false
    },
    "6282197170314@s.whatsapp.net": {
      "mute": false
    },
    "120363047112799898@g.us": {
      "mute": false
    },
    "6287877928022@s.whatsapp.net": {
      "mute": false
    },
    "120363027523456950@g.us": {
      "mute": false
    },
    "6285257544080@s.whatsapp.net": {
      "mute": false
    },
    "6285337063085@s.whatsapp.net": {
      "mute": false
    },
    "6281287008965@s.whatsapp.net": {
      "mute": false
    },
    "6281276958403@s.whatsapp.net": {
      "mute": false
    },
    "6282118523120@s.whatsapp.net": {
      "mute": false
    },
    "120363046746467184@g.us": {
      "mute": false
    },
    "6282115838618@s.whatsapp.net": {
      "mute": false
    },
    "6283841910791@s.whatsapp.net": {
      "mute": false
    },
    "6289636443917@s.whatsapp.net": {
      "mute": false
    },
    "6282393030377@s.whatsapp.net": {
      "mute": false
    },
    "62895413745224@s.whatsapp.net": {
      "mute": false
    },
    "6281939308449@s.whatsapp.net": {
      "mute": false
    },
    "120363027660525748@g.us": {
      "mute": false
    },
    "120363046773231357@g.us": {
      "mute": false
    },
    "6282126471925@s.whatsapp.net": {
      "mute": false
    },
    "6283111247526@s.whatsapp.net": {
      "mute": false
    },
    "6282145907662@s.whatsapp.net": {
      "mute": false
    },
    "120363041914414985@g.us": {
      "mute": false
    },
    "60189858580@s.whatsapp.net": {
      "mute": false
    },
    "6283141821651@s.whatsapp.net": {
      "mute": false
    },
    "120363045476488588@g.us": {
      "mute": false
    },
    "62887436240356@s.whatsapp.net": {
      "mute": false
    },
    "6287885163360-1636367351@g.us": {
      "mute": false
    },
    "6285238817720@s.whatsapp.net": {
      "mute": false
    },
    "6285790846616@s.whatsapp.net": {
      "mute": false
    },
    "6282195121504@s.whatsapp.net": {
      "mute": false
    },
    "6285852237728@s.whatsapp.net": {
      "mute": false
    },
    "6285741328012@s.whatsapp.net": {
      "mute": false
    },
    "6281236167286@s.whatsapp.net": {
      "mute": false
    },
    "6282197774046@s.whatsapp.net": {
      "mute": false
    },
    "120363044584070472@g.us": {
      "mute": false
    },
    "120363025716724942@g.us": {
      "mute": false
    },
    "120363046897167292@g.us": {
      "mute": false
    },
    "6281288832570@s.whatsapp.net": {
      "mute": false
    },
    "62882020692678@s.whatsapp.net": {
      "mute": false
    },
    "6285331268018@s.whatsapp.net": {
      "mute": false
    },
    "6287765713891@s.whatsapp.net": {
      "mute": false
    },
    "6289531604860@s.whatsapp.net": {
      "mute": false
    },
    "6283863978398@s.whatsapp.net": {
      "mute": false
    },
    "62882009107336@s.whatsapp.net": {
      "mute": false
    },
    "6282136811866@s.whatsapp.net": {
      "mute": false
    },
    "120363028779486422@g.us": {
      "mute": false
    },
    "6282340771640@s.whatsapp.net": {
      "mute": false
    },
    "62881011428841@s.whatsapp.net": {
      "mute": false
    },
    "6289602613255@s.whatsapp.net": {
      "mute": false
    },
    "6282123383748@s.whatsapp.net": {
      "mute": false
    },
    "6288217038626@s.whatsapp.net": {
      "mute": false
    },
    "6281339522069@s.whatsapp.net": {
      "mute": false
    },
    "6283876810538@s.whatsapp.net": {
      "mute": false
    },
    "6289649824414@s.whatsapp.net": {
      "mute": false
    },
    "6288802861764@s.whatsapp.net": {
      "mute": false
    },
    "6282353108295@s.whatsapp.net": {
      "mute": false
    },
    "6283840291844@s.whatsapp.net": {
      "mute": false
    },
    "6285643283772@s.whatsapp.net": {
      "mute": false
    },
    "120363048781630513@g.us": {
      "mute": false
    },
    "6288227367886@s.whatsapp.net": {
      "mute": false
    },
    "6283831551870@s.whatsapp.net": {
      "mute": false
    },
    "62887435454893@s.whatsapp.net": {
      "mute": false
    },
    "6282124289157@s.whatsapp.net": {
      "mute": false
    },
    "6281225714545@s.whatsapp.net": {
      "mute": false
    },
    "6281223417020@s.whatsapp.net": {
      "mute": false
    },
    "6288291458289@s.whatsapp.net": {
      "mute": false
    },
    "6283155997772@s.whatsapp.net": {
      "mute": false
    },
    "6285753963045@s.whatsapp.net": {
      "mute": false
    },
    "6289675645515@s.whatsapp.net": {
      "mute": false
    },
    "6285711815220@s.whatsapp.net": {
      "mute": false
    },
    "6287863360316@s.whatsapp.net": {
      "mute": false
    },
    "120363047517512809@g.us": {
      "mute": false
    },
    "24105499110@s.whatsapp.net": {
      "mute": false
    },
    "120363047337502656@g.us": {
      "mute": false
    },
    "6281338302495@s.whatsapp.net": {
      "mute": false
    },
    "120363037971165113@g.us": {
      "mute": false
    },
    "6281339822510@s.whatsapp.net": {
      "mute": false
    },
    "62895324968765@s.whatsapp.net": {
      "mute": false
    },
    "6281932063759@s.whatsapp.net": {
      "mute": false
    },
    "120363029907276282@g.us": {
      "mute": false
    },
    "6285923138391@s.whatsapp.net": {
      "mute": false
    },
    "6285695721220@s.whatsapp.net": {
      "mute": false
    },
    "120363045110068658@g.us": {
      "mute": false
    },
    "120363028765063616@g.us": {
      "mute": false
    },
    "6285338930925-1588429714@g.us": {
      "mute": false
    },
    "6289639588670@s.whatsapp.net": {
      "mute": false
    },
    "120363045778789159@g.us": {
      "mute": false
    },
    "60134466801@s.whatsapp.net": {
      "mute": false
    },
    "120363028114797186@g.us": {
      "mute": false
    },
    "6285239100110@s.whatsapp.net": {
      "mute": false
    },
    "6287778405247@s.whatsapp.net": {
      "mute": false
    },
    "6288279349436@s.whatsapp.net": {
      "mute": false
    },
    "6285700762988@s.whatsapp.net": {
      "mute": false
    },
    "6282146482998@s.whatsapp.net": {
      "mute": false
    },
    "120363048333190900@g.us": {
      "mute": false
    },
    "6283836056345@s.whatsapp.net": {
      "mute": false
    },
    "6287720404660@s.whatsapp.net": {
      "mute": false
    },
    "120363030577111654@g.us": {
      "mute": false
    },
    "628979072517@s.whatsapp.net": {
      "mute": false
    },
    "6287828074738@s.whatsapp.net": {
      "mute": false
    },
    "6281216276849@s.whatsapp.net": {
      "mute": false
    },
    "6287740861813@s.whatsapp.net": {
      "mute": false
    },
    "6285828365264@s.whatsapp.net": {
      "mute": false
    },
    "6282340774635@s.whatsapp.net": {
      "mute": false
    },
    "6281573872097@s.whatsapp.net": {
      "mute": false
    },
    "6289691896293@s.whatsapp.net": {
      "mute": false
    },
    "62881026009477@s.whatsapp.net": {
      "mute": false
    },
    "628979059392@s.whatsapp.net": {
      "mute": false
    },
    "24104291571@s.whatsapp.net": {
      "mute": false
    },
    "6282197210183@s.whatsapp.net": {
      "mute": false
    }
  },
  "database": {},
  "game": {
    "tebaklagu": [],
    "family100": [],
    "math": [],
    "tebakgambar": [],
    "asahotak": [],
    "tebakkata": [],
    "lontong": [],
    "lontong_desk": [],
    "kalimat": [],
    "lirik": [],
    "tebakan": []
  },
  "settings": {
    "6281338302495@s.whatsapp.net": {
      "status": 0,
      "templateImage": false,
      "templateVideo": false,
      "templateGif": false,
      "templateMsg": false,
      "templateDocument": true
    },
    "6282146482998@s.whatsapp.net": {
      "status": 0,
      "templateImage": false,
      "templateVideo": false,
      "templateGif": false,
      "templateMsg": false,
      "templateDocument": true
    }
  },
  "others": {
    "vote": []
  },
  "sticker": {
    "102,130,114,156,92,147,33,136,242,58,86,133,65,68,44,79,198,44,120,209,169,99,93,5,92,238,87,26,189,35,118,102": {
      "text": "stiker",
      "mentionedJid": [],
      "creator": "6281238772258@s.whatsapp.net",
      "at": 1672670929291,
      "locked": false
    },
    "176,55,66,45,111,154,229,40,127,84,246,129,237,45,174,49,124,151,75,70,76,77,40,252,5,35,124,16,151,2,232,32": {
      "text": ".ping",
      "mentionedJid": [],
      "creator": "6281338302495@s.whatsapp.net",
      "at": 1672902856466,
      "locked": false
    }
  }
}