{
  "name": "zxorkta",
  "description": "MultiDevice WhatsApp Bot With Many Features Included !"
  "repository": "https://github.com/RavensVenix/zxorkta",
  "logo": "https://telegra.ph/file/df0edc1680a71b37145af.jpg",
  "keywords": ["nodejs", "bot", "whatsapp bot", "whatsapp automation", "multi device"],
  "buildpacks": [
    {
      "url": "heroku/nodejs"
    },
    {
      "url": "https://github.com/jonathanong/heroku-buildpack-ffmpeg-latest"
    },
    {
      "url": "https://github.com/clhuang/heroku-buildpack-webp-binaries.git"
    }
  ],
   "formation": {
        "worker": {
            "quantity": 1,
            "size": "free"
        }
    }
}