{"version":3,"hash":{"type":"Buffer","data":"7uMaXzug4joXXkLp5xOwqI7mqtusP21xnryu8VwoUcgM/3s4BTPTEbBAs14EfeX3PyV9saqwycAI8lgxiSto3DASUnzWfD7dW9El42oAOAqDzvIrQzeFTfru136NteiDmx5pzvcjR2slJ7o6uGVfPlOVZ2WE6r+mPsbgYod5mG0="},"indexValueMap":{"fxOAw4Ex/6jvL4KWEW85E+esBdxpXOTxpuTwrcyhEJQ=":{"valueMac":{"type":"Buffer","data":"shVVbC2Oh3kK6AXsie4clGnKg6Y9YrG1iupC9AXKDdI="}},"3etffhj9TS+pc4KLDIfp/MmW/vTn+uzq9WpHvp/+3gg=":{"valueMac":{"type":"Buffer","data":"mMenKB/0soPzmgUemzIUD9VrnrasqYFJHgqVL3so+Uo="}},"XdPdpZTUnbF6RX7i6tDB8qkwFV2ETOIl4DhpVEH23/0=":{"valueMac":{"type":"Buffer","data":"huWBkLwf+b39y3JS1L4pu2AfBcBWJXOTghrCc6JgiNk="}}}}