{"version":1,"hash":{"type":"Buffer","data":"fJ2E87v5ZMl+opO4/eKGt4f9ub0jU4BSQoWfQaAf3PXjZ8mhrThDqzbVuyOwqo6zI1HB1nEBiIDuYWnP9v8fy4vXngINohzGpwotUm0wSHY9ZtVXsFzkFAh1XwhGCSSb7HFUWj5/j2GMjOwhUxZMxkpzIAqQpZ++h41LP/JFhRY="},"indexValueMap":{"zgJxzQWOpyKt5JVxN9lchdFIYaDTrdRgVMOQS65qVfI=":{"valueMac":{"type":"Buffer","data":"MkM74fCfAfzgxvYVLU6zy3LWPt9wbINcn5M+Xt/CX+A="}},"B1LPJWS5zRltvQgSOOFGPZ2FaFtjWjUNYBJJKtjQbRI=":{"valueMac":{"type":"Buffer","data":"7kki/oAzyyBUhBGq4BoU5OvNPPHFqeVQIju2AuUAYK4="}},"kPy3H+HD+JtQEv5PBQmrOsb8MwMxkUkeJN1K33tlxrQ=":{"valueMac":{"type":"Buffer","data":"Ab1xmvsSdnQAVYB+tZaknnSGPDPxi0FkeDHfVXxVmc4="}},"UxfebGkDAGLgMUqp4xdzlbCN9YQtNBhk/WnATKA6qjg=":{"valueMac":{"type":"Buffer","data":"uutE0CanaWZcQbpA7uVQ29QEVwj+ta93hbeAVsiMqkg="}},"cYBCu4MPHR2vh0i8pW/reGYeaGj/ynkWC1RtVc4fgXU=":{"valueMac":{"type":"Buffer","data":"mVeovHgwHZy1r4K8oMKK82fIX+pO66SStW5DJYYjR9s="}},"WBVGd3LXFVg2zviXyqMfWeof332VDD492ShIeZiQfI4=":{"valueMac":{"type":"Buffer","data":"awrbR5FNeYgzZlS9O2OjQHXCKLX9fPuYrIS/si/5XVA="}},"Z7ArtR5t7wU7MpzBQrVCtPGurbjD5+jsoHfhrrTzbhg=":{"valueMac":{"type":"Buffer","data":"DWzTfHt1qkz67OEw6dtm9ZJjzDozLlVvh/43FbBOBt4="}},"5kmlOBi9xgs6C2VvUUQGtLu9CQcs/m9DD/RDvNVZgsU=":{"valueMac":{"type":"Buffer","data":"vdLo3UnP1IP4Yy2PxGHpv9pZZqaQQGG91QNyFz/0Lhs="}},"iL4G+cZechwfH2vo/YA+BdlHLYaSSIylV7ZINDBu2Bc=":{"valueMac":{"type":"Buffer","data":"N/IAe7fRQ82uSYlLn3Cza5BWJ3SXp0+6vUb6qeXCTLY="}},"1C8EbEM4zm0J7/tfGb+84OsJDR1dRBqBBtfe9DOss4w=":{"valueMac":{"type":"Buffer","data":"XP6BQ3Gr66OTAXaHTc3uhwUU65vBx9MAQV0E8WHK19M="}},"RJhoLcBezLDBhMIaXBEwVEKy7FleXX+HxxNvDL9Tglo=":{"valueMac":{"type":"Buffer","data":"nTlhSFLnA1JUB73hzAT8oEb6qCadIBwDfLxecvTvT1w="}},"Uk1Uk+NiIVgfhZ+Ec7vzmUM+tE3VeMZyoPL5KKbsp00=":{"valueMac":{"type":"Buffer","data":"oQxnr7uORu5C/OgTgnoPQsh3Mpi2QjBMcANevoNfrSo="}},"miwygCW0JuScoBXvrOlnDcSVhhhuQOUnYomVsohjNH0=":{"valueMac":{"type":"Buffer","data":"bFjDCv1vVQyVWf+DQqz0csDdrf/c1K/ESKTEKugUgyk="}},"0sLlN+lCk4z8rFOIOy4gX2YExIB+TrzWkVU/aIedH1w=":{"valueMac":{"type":"Buffer","data":"qo93w6LOv2VRivxiERbzjdMnV46ZVyj3k6R8sewx2oI="}},"tq818e0rqgkLHSeriT/WdDJQHkKChg3vuMYzBNRO7/k=":{"valueMac":{"type":"Buffer","data":"DA00HF85IkShAXKfOZksnZ4TJKm51yfZvBIKp5p4C5w="}},"MdmcDJJ03bE6N2cV+mdjhoFBf4C1YjXGtru00aWalI8=":{"valueMac":{"type":"Buffer","data":"bZKf2OmuqN5CTA4qyZ+97BygIL6Y1hEHOEP30O6tpFc="}},"HnjSqXrWduaeGrShpcn993LjIuFL5AUhkJw95diH5qk=":{"valueMac":{"type":"Buffer","data":"s4trSeVUCy61H+j9/5dhc8wkUWBII9ktvka+TYU9wxs="}},"h28X5NZkSnMXH4pCKeJafwzgimpsjWfi7xb74sV47UI=":{"valueMac":{"type":"Buffer","data":"21p0kCQ8L2Zj6Fb9znVdwLe+JxM6O34R3FOMHP9PihU="}},"IRE4wQGblYefhf8wSPP8oqNFtkPh585054FgTIAQNqY=":{"valueMac":{"type":"Buffer","data":"8eFstScRp9ovZ7Z9aOPo8ltBeHU9inMaoECqh6scy5I="}},"lp0gJ5cVrDb0Xj/12KOOxOvs9oBgcEwmOwRg2U7Lk7E=":{"valueMac":{"type":"Buffer","data":"7I8pHhFYVI1xWGZ/cJZJ4ZkKiDLjGga+5XNUL9tr55A="}},"EL46apu7Ud6Z/DkcLfIoNdiq+YVhN1Ej4R7evmifAfE=":{"valueMac":{"type":"Buffer","data":"WY2szvs+rKLhVDXPmtLb3MO+mlCfjX/Q9uImT2r4sfk="}},"oK9NvMVzMxTbqgv7bLiECfHrCLry8M5dlzQcD/bMpsE=":{"valueMac":{"type":"Buffer","data":"Ns2W+4mVNlZoG5xMSRduMoo+PL7y88kLp0EE0zTUrGs="}},"lIInrr9GSS5Txvox9YdJv8AQv6hZowP+itYraF+iDB4=":{"valueMac":{"type":"Buffer","data":"yPzympL1lmjJHVz14/argxMY1GM9JjZlVdWFoBxjt9Y="}},"PKkKQPIJxTdKfv05E6bNIAhQYUxj2+2WFVDMYBUbi5o=":{"valueMac":{"type":"Buffer","data":"W88NZXzrsFX/I1X8nkd0boO5rwkk4sbRd6D4wQpH8lM="}},"HowX5ZLXOR+EWmEA2MB8aC1ko2tOH9b8/tCJPgWfEn8=":{"valueMac":{"type":"Buffer","data":"scWtmRcVgJuEaJ91HP3QEq1WCUtAuTbF3th3UajXyPo="}},"M2ag1+PLwEgTdsOHQKkYAOuCz6kTJx6R9rbp8jV92vQ=":{"valueMac":{"type":"Buffer","data":"lYRS36u358pmUvaeyQQSzgDAZXAtULnxqY0dyQrzuRo="}},"uAatTw9KbvAChfwhpMGKM5Q81tZZGHoKEXnpTa2pOIc=":{"valueMac":{"type":"Buffer","data":"EOH7Eh1D7iC+dIXotFiSyisJFMx0qFBeL2g+TiiqGlI="}},"37pNo+5p+oWO74Jov5nlKwOw0/n8dHIvnvzDtLzAFB0=":{"valueMac":{"type":"Buffer","data":"nvO7jd9Vji5c5H/fVEH/x+vgdm9h+DrsocZaBWs7im4="}},"Ng5zCtHuMUH4hEKSSxv3TQYe6ZcHYp/H4EzOwz8J9go=":{"valueMac":{"type":"Buffer","data":"TzYnH0ixFlkuVCVahjL/N7JhxhVgz2FkiVhYPuSO4ME="}},"sKnoGXR1a/LgCfbvvK62e476F88pE37ZjDwnn1NWtMw=":{"valueMac":{"type":"Buffer","data":"VAfFPwtuiBja5UUwagGFAk0k5CwkEAz2bP2mqBOary8="}},"8Hpm6hceXLh0byjuzPz37B6YeneoQ3qE+3acUVyrHjk=":{"valueMac":{"type":"Buffer","data":"xuOSxP8Qw6DC+P8iYRWF71AGHDyDZY9xIbBuLE7WT/4="}},"VjIVuynVxyxkl4Pu6E2I7UXrBkhR0yVzLf2Dya97cz4=":{"valueMac":{"type":"Buffer","data":"bQ46TbLJ+jRypqFV1j+okyYz+PKF4wN4BmAaUcxC1yE="}},"fka/9gGmBTpFV66+EeWLpf/Y1BR/l0RidthHan23Pao=":{"valueMac":{"type":"Buffer","data":"RCc97iWFyUUV0JyJl2OE2YTNeB/z3uDPalOglzNftr0="}},"+DVnO7vAtPkK/XbhSTrC082zOO/JIWkqeCrTcmc8WtM=":{"valueMac":{"type":"Buffer","data":"fumdNzhMy8EOyikGG+XndYdDXK3lxRimDvBqDzMJtTg="}},"3NTX1tSNoSoOVBsYXc2tT8uiIcj5GGhyI8b5l9n1YtE=":{"valueMac":{"type":"Buffer","data":"bV/JaWaWpt/9buDeQcsZY5gPhSJsXaz8f8p/LcgUdQo="}},"9f4HKT39xtRkBmoQsmEfCUVDP/cKKvTgXKahqq5tOWQ=":{"valueMac":{"type":"Buffer","data":"MdiYtvEe1tbkcmEBigRgiasAn9BLh55K9C4MhNxHq+k="}},"l/Vw6yw5XICvHPL7l13y77VxjDo//LSQyAApgnEpHUY=":{"valueMac":{"type":"Buffer","data":"6ViPVeDK4QltzW6pXVGfvSavh5g+SPK0z//XYcM3OZI="}},"e9MgFkxeImIxMViQCTUC6NF3gcMQmrwcQEf3CaRCJsE=":{"valueMac":{"type":"Buffer","data":"kPJBn3EtD2+mQmI5Sz+xDwEiSFG/B88yObCPR7GMZPg="}},"XaZhaKAEOvirw1y17i7Ih28EJPqnJvZCeEnkC7fN8bM=":{"valueMac":{"type":"Buffer","data":"NDyFowKSinUwpebI9YAT8J++Dou6XEoW19x9CXSclVk="}},"sLoUyRG0Nu+NGkd72Hz9WP1oyWQj0E81IQmW59EIo8E=":{"valueMac":{"type":"Buffer","data":"iEQ8dBl8ILHfNPIxM1EI2LkJgvcyJxGc7rSdQzpx2fg="}},"lahnBa6WB46pELID8cCE2D1FSnOAONwPOhj6MG+AxGQ=":{"valueMac":{"type":"Buffer","data":"dXEhnowV0mdhNauGUHMmzlyjp8pUEggPyU3cN3kKmYs="}},"MsMb1OvtRjQR3DfKwSPeMnaP70yvXeD1APlI0+lXQHg=":{"valueMac":{"type":"Buffer","data":"voHlm7wNPaUaKMPkeSvAm/TRU+sbiqUMHu5GGxCAKdo="}},"TtWjBusqCmZtyNjZ5siMWKuF3jmpQkN2HZZ1PedHMN8=":{"valueMac":{"type":"Buffer","data":"Zme4J48vDJ2L4WNWgpBmTykunkz9ny1Ak77HqyAOqdI="}},"oHrjaWlSQapBm6yTzZEnqjPYJlZ/vZYuHWFPlP/7GCw=":{"valueMac":{"type":"Buffer","data":"Y1Ra7CeKeGuzwmrHkC8kryC++xmgsZBdJI1cS2uxTrI="}},"VxR8ONCCGASjhpWk492dRdxQ7XmmXNkSNRRzI4jrxww=":{"valueMac":{"type":"Buffer","data":"1aJTWnO0l4eVy5VeVk7BoBtKmRWTUDGj5tlWRKYW9TI="}},"5mOCvzJHzWo8J1KJ6VPKLWseJ3N4FXaSQ77Rk7f7XoE=":{"valueMac":{"type":"Buffer","data":"aehU0UE8eooWol/XZanhPpwgK9gVnm8SUgeNF2eRTqI="}},"Wjsr1VgwRa2sXFIJ7aY5HznJ4aR4ThkaYRkXm8HB5OU=":{"valueMac":{"type":"Buffer","data":"OFPshOmV893buoYqB3uYfm+FW/tpBAJ5ambS1CSkRlI="}},"qTZ3UjM2FJ6fOdsREeP32vHh9l2jFBKhjXbmgTf4C80=":{"valueMac":{"type":"Buffer","data":"8oh/dWjJl72e/clz4JNZRMYfx7m1P+g/Wv8wSrPYlvE="}},"foNhUBA3LIEmc8t+0jVZ20gVbb46yVuTWJUI818K9Kk=":{"valueMac":{"type":"Buffer","data":"j2fmeTsx5waj+Fn0XoXdBhQ712Xq8MOruW7/uJf/UM4="}},"cAXFjK/tsfA+WEOxA2JeUSmpRWslo8whUHqq1tXdrRg=":{"valueMac":{"type":"Buffer","data":"BGQATu0Y/lCp96XTNl/n+7+zfUrJP2sdkggbrqjQG0M="}},"c7mgqZqnOIFNt+X5J8czRM5HsGdja/fwm/IrDy7e3jE=":{"valueMac":{"type":"Buffer","data":"F40HccyRZRD6b1fk/SXyCUVfkq2nDpr4ZGZYwZSxpXE="}},"JMQa7etngNGeqaTGiI7tZQeSym94qhIrs72P0HPHo58=":{"valueMac":{"type":"Buffer","data":"spCyDVkVkEISFbL1yeRF6MItmuAzzfHB6i3WVFQ1/HM="}},"Dnl2Verjsj3SiwxIdlniXyCyTEDVKdikf84XWxmqR4s=":{"valueMac":{"type":"Buffer","data":"FCIBQlnRBegsFgWYsDvVWTkYbVKjronkt0NqKPrpKFI="}},"lKubiZ6KXg3NpePBFQLB1HoZIpzIwxjPWnp+pnkB7kU=":{"valueMac":{"type":"Buffer","data":"/mPNfMt03hZxNK0ODsGbcdY+pVA64GbB0N1Sj2xlCSA="}},"mcFZJHO8td2B/M9OebN2ZW7VQUlBeGt//qma05hli4Q=":{"valueMac":{"type":"Buffer","data":"dojgCjsbkbbwR1R+kemQk7FJEIBrx511Te2HHNGzZ/c="}},"b9jWnEy150Bpo1RL23aJ/J1mhgZqyxoQhj+U297a1Ik=":{"valueMac":{"type":"Buffer","data":"gOx1A4lqJuf3Gp+7ORBv+630HD77jnv4A60nmDrjXdI="}},"M0it7xOwxb/ormKVrulvHiFi5Km0Yv+AaowmvAc6Ip8=":{"valueMac":{"type":"Buffer","data":"Mf2yxcLaJoeODhEaih31n07pJlk7MkS+CuUNcT7f3a4="}},"HLiwZzUL5TgLrD1KWYVrUGrCrzCfVmLW+7usAboTFD8=":{"valueMac":{"type":"Buffer","data":"hWCGWRyM95Xd9ye9XTbVSsGRhi88IpSCnZ4N8ZrDdws="}},"xg/zTEOOD8HI52ZqDCQlFi1FWky/MxZBb4CMBYFWA7g=":{"valueMac":{"type":"Buffer","data":"I2TaUCu2fbmDaBBpq5QsqfHF2QBr2c6i57L1EdXnr/4="}},"PgOkU5ufnQDVs9F1e2W8RQ4YUQaZpkv14ykoCXYzozo=":{"valueMac":{"type":"Buffer","data":"nDeyTC2+CE2o24JU+qUjyMEaug9vr+QXZJxsNI0cKDA="}},"7UcDCsmy2iXF1c0PQzMTLelQ7kIorxP9L7GvZLCSrak=":{"valueMac":{"type":"Buffer","data":"cXobd2uNAo4dHZwCecsuUXUQueQVN8/yuv1/Yx9f0lI="}},"lgLV3q4KxT6thmWFoikIB5jSksPj0Qpk/33sAPm8tqc=":{"valueMac":{"type":"Buffer","data":"BaPy8CxbBN+csDohXTgm22QZhZpzOMc03dNOSsIOBE4="}},"C+6oDxrXeK34LkLvFOObjN5+gBMaqY5LVuhb64z1lxw=":{"valueMac":{"type":"Buffer","data":"bUxs4xELF4UBWfK7xhKjTrIg7Cs3HWQjfNIQaRWnYfU="}},"acy1k4NARf20ctQR3NkdKq3sxEuqKt5ED14b0xOh5lE=":{"valueMac":{"type":"Buffer","data":"eWJXTThIwPWlZOMUjSO2AD5iqsurfchFW0Mcq0KW4sw="}},"bNV1znCEdlljWTErwOXN8kH+7OGjqHAQi8zyRqQQ8YA=":{"valueMac":{"type":"Buffer","data":"atYHoyTYknOzgXUEOTSjKrf2UdD1CJHGjUonxT4f97U="}},"/7YE+nchf47XnWrW3GpMiNVccXxjOvCzj0AFKj96iM0=":{"valueMac":{"type":"Buffer","data":"O/Ehk/58yCDwtpj2MnyasX6/Qrl6oN0k7KrE23Iy1p0="}},"WMekzfPDYUPbR5kI2UNi2Va2tIM9jbTdCkNMBzJq7c8=":{"valueMac":{"type":"Buffer","data":"Y4nB/tlCInZo2GnRB/QA4Pg7hyzqxqz1z8XJdKa7jd0="}},"3WhAAtbSZ7uJvnSVKR+3RO3vHkfO2IR0A0Whtz2yh/8=":{"valueMac":{"type":"Buffer","data":"DAtzpFeULpcpNvDEPx12mcSUOuw9gqTIKog5b6VIKJ8="}},"QyqVO4HFpkMqoN194Oxfgg3hI+2FPa5ma3WC+sOkeyU=":{"valueMac":{"type":"Buffer","data":"cflSpwdSJc5r3EJJdynRxtFOkzGe6auijMIbh1ZgsZU="}},"tlb3eae9++6+syCOPA9zL2mrVggiAfvK7v+4SvxdvMM=":{"valueMac":{"type":"Buffer","data":"qDdA5GS/qHr0vpmwuuSpYmmWbh9ZKHCZ//OFEqd36uQ="}},"B61DKOLakad/PWNIqZxXH9SzGs89AKfpmEKbqSjWOGs=":{"valueMac":{"type":"Buffer","data":"bCNesiT9yfoFK8ZU9vkdoxuZ2g2wTlcRQ9YUF6gzzAA="}},"HwYCeqCdhTRrcOhvXvh2C5DTwgVte8lCSc0sxdAMcWI=":{"valueMac":{"type":"Buffer","data":"N/ln60G5srzq4IhaqZQ2u7/z99IwHRl95jFo6Ay6b1Q="}},"TpSfNMjr3NVCM/hxIKyY1IKqq6qx49gM7ii8P24FHMs=":{"valueMac":{"type":"Buffer","data":"6q7RTCKCSeyuKDVNox3yUlZKBYibfAxueuw+SVbfL/8="}},"zIWnu1f8g5iNFEyNCq4JBWk3wfjhR7LPFsKUFyx0pz0=":{"valueMac":{"type":"Buffer","data":"qIZnsukfYKKyRlk31GznyEc5mj1A58nTtxCceiOb+Oc="}},"lB0mlgOjEgUeFH3mCRcO9SZr1sKWrdLAVwHw4SjOaNU=":{"valueMac":{"type":"Buffer","data":"qJAYT+5uDA+nenkwctd79POvUV9FIOjwAIVICzWKuUA="}},"+Lw1J0hfsgdhMUc/MaEjraWVOjc2LHheXiLjQy/89Rw=":{"valueMac":{"type":"Buffer","data":"f6aymJvhWtF6YupPymjYuLSMepCn9gtnAv1+oiLXt3E="}},"LqHKteoCR2JciFgJ4sZxgOEHd/STmw+Bk3zs5t0fjSY=":{"valueMac":{"type":"Buffer","data":"4JdvKodinO4Lgq979ppXoT7l4tNxzb02hpkpd0rCBFw="}},"NTViqEHl7JkQ1PtNm2GyHlmie2n5Nu+DaaxC71fbLu4=":{"valueMac":{"type":"Buffer","data":"VMwBIoliQvox+MPKxxjOA6DAF9ok3crGw2e14Q1LeXE="}},"Geo5H1bhRphSbBhOLh7iXnYi15obr54tHMiF/ixImKs=":{"valueMac":{"type":"Buffer","data":"H677IkwXnezvqxykkkxh4jiGoFf2LwtyWgKVVYR6OO4="}},"RXihZweBFaTFY472imBfA/Kf8DWbUfSM4cfw/iVveMM=":{"valueMac":{"type":"Buffer","data":"tzW+7c9dWlYeI+ZK9JK3dAq8DC28TsP9UcG3sKLk/bg="}},"yKD9SMTDw0C8USHUYswbNB3UsK+YBFqopTfr79WqTgE=":{"valueMac":{"type":"Buffer","data":"V2breq//Uzz14snyI2xKB4H8XEzAjv3XGRw32iqyf6w="}},"zNEAfM5sP7xJoO+rSoi+2UeAXDzJ35LxfY7MlA5Ryjo=":{"valueMac":{"type":"Buffer","data":"BI43KwmGkdLYHT0ixBXx8aA2TlD7bBkLcTAN0qlzbYY="}},"s4Qg1aZ71W+2BvmN9syQJXB4bJlc6GVG4CvH+PfMJ1o=":{"valueMac":{"type":"Buffer","data":"PKEe2f0IaxC7pi5JEOZT2EVWhnHKLKiCVTFIexZ8JNw="}},"MrVJeOFEZQEfzxPqZAoFcLryrlul1JVEAf+k3b/F7WE=":{"valueMac":{"type":"Buffer","data":"BC1gA3y6FKvkhsnNDv2AhHaFllnrCpLYbi2RVXRJl2E="}},"a49OjQGfldf1lihhI0E+NgDQSD42rMK3eR60VTAtDkg=":{"valueMac":{"type":"Buffer","data":"0t/PWFc2aAlhuz4gQ9U0sk5J54Q4eQwdx2Kr0v1sU6A="}},"QufnJlmYlox/HGEC18Lt9gRJUXJJAKTFhz2xEmGK5BI=":{"valueMac":{"type":"Buffer","data":"YKX4PznlhAAMYNsdAce2oMbiHnxhOyiWKHhYlodPHMg="}},"Ys4zFEsDFuEIM9++Vow+FdBGX2jcbsYsxKgjfbCbBKc=":{"valueMac":{"type":"Buffer","data":"s+oKwGZMSEvbTliQGNJzqAPHiS3h8F7DDM+lc4QB5eI="}},"4QLLWnP74ItLPBjwbUq3fbw3HhzaytU/eksQLE9qlZw=":{"valueMac":{"type":"Buffer","data":"nK/EJ8TNh8LjrdD5hYpHYaWlx9yzja7jEHVJAQZn+Hg="}},"EpS3phK8ntraszTnQvzwInfD12FP6qZPgRJURoSL8lY=":{"valueMac":{"type":"Buffer","data":"e0Q3Dq8XLimimnQmF0tsqxS59O+NWTpx3MBTMtCETmo="}},"xCsLaY8cCOqPWJFWlWwt7yYEU0WVtbiEeD6cFcRj+e4=":{"valueMac":{"type":"Buffer","data":"sbOSCNwpz5C5FiqItnGcs5/xGBOTDRhLvweGuWBlQVI="}},"LWn+nfUavDDMIkHGurtYDGzw8U1+CQFcexG5PDmBbyM=":{"valueMac":{"type":"Buffer","data":"sRhHSwSnkZHBbsCEZfv6GmVbRD5j0dNeR0saHNpquQo="}},"5Ncl6d8h+6GEoYviIZUOdq2vfnzUborOW9rlChJXrkc=":{"valueMac":{"type":"Buffer","data":"XXDZh9hrY8JhKRaUivURJWRzcDfMauwGsCfe7FQRPIA="}},"7dG0LhK0b89WXKr77IpzMirDgPLtootMZ7Au+JhLmNk=":{"valueMac":{"type":"Buffer","data":"sRN2bZtPB1VH6Fuj/0fVKedV0G7WA0f124OK7lIQNos="}},"GxRakmvJw75njBj7MjvdIjXgDgUSGRUrwI6ROadB/OQ=":{"valueMac":{"type":"Buffer","data":"HPsnL8nYQvD00rI2Q5H/P8RBFngjw/iZxG3XyIHEXyk="}},"BhbcWSTr7CVNfDeQRTWKs3KW+q00igHTPecY6jofn+g=":{"valueMac":{"type":"Buffer","data":"pLeXGmqAO1LVsNNy8G8eEKEQdqTpdxRs7mcI7Z+c2z0="}},"ar3lSh/gskU5eHuA0tp6RSO1yVedobW96pnzDm9QZsM=":{"valueMac":{"type":"Buffer","data":"aAmntjWM744JZd9h8cYOKuwGOLXlCvH1j/aaC8ewitQ="}},"wPWTjjYRSpCPqNCQkmL4yZ2B0agBfp+KVFu9oXsL3tI=":{"valueMac":{"type":"Buffer","data":"z4wi2JBdL0Ps+xGFRKlEOZe3Fb3ZtLDDxUtERpPuBRE="}},"otOsfEaflR47kFJB3BWY68bLMezM/nGPbx09LrAcWIY=":{"valueMac":{"type":"Buffer","data":"PahWLpUwY8cALkd8KkHqGTmWTf0U2PqZ9CRvR3n+Ow8="}},"dyybNqqg6Bg9rzqBPWsMS7/rzvC2rlTfu2PGFVRn0Jw=":{"valueMac":{"type":"Buffer","data":"vZA6kPqRSEE3+9+79UY4Pjgs2vTa1tLI8IlmJeMhUvM="}},"beg2RH15bAaJa4l8DzdFPh9gJD1oLn6grW08yvC+h+8=":{"valueMac":{"type":"Buffer","data":"A2lImWSrlSsVL7UeJx4fNhpso46ET5ZHRixKVSSQZ7s="}},"B/V3TPWGXtjSjDZrFaGVAEyNs/n3zTrIWHSqn9ROOf4=":{"valueMac":{"type":"Buffer","data":"407k2aKJK+l11WpU5qQz4IByRWX9f0rInPzxZYArfSw="}},"oABtGhvsgEXjACdnRzZtsdOG3I8zi/YoppYheAZYN+A=":{"valueMac":{"type":"Buffer","data":"tjxkFwxmw5beu9wse5AxivSUXWyRHpJ/AvdOrIfRvEk="}},"ZfFfToBSz8e5NiH5Ck3Ca+u2xNhayw17fOGbI9FBPw4=":{"valueMac":{"type":"Buffer","data":"EhSWYicIrxAsnahE2R582RwNAt5YseFHyAreX82I9Bc="}},"4DoEo6/WowNa3JLK58yRHLugRLr8qApMqqdY56vLuss=":{"valueMac":{"type":"Buffer","data":"3S4siiTHTU+jmB0dgDrf8/7K5tk+FQPc1ziI1NajvRk="}},"zQJ2dZljwVzQGGoDju3dWevEvCd2lXqVGOLB1sydpqw=":{"valueMac":{"type":"Buffer","data":"Ldy/HV12G+LZBxKDv7TPs6c4QQPhta6RtqxPx/xXfR0="}},"MotBm/RptjhHGnhGZB232IgB54Lb1nDEEx0VtbTeu/0=":{"valueMac":{"type":"Buffer","data":"nOWmmP5snQPoVRKTyARNrBkwReWSVzQSi7uDYgVUcP4="}},"9+xcf8pPBzspROCeSAMcH6qM2nvSFyG4uwwJqbhjywc=":{"valueMac":{"type":"Buffer","data":"fiaz9js7LjkSHzf2Pd5GZE2A2xF2GGRGYw3/HNN5x3Q="}},"664rer03Fqocisq1CZxWNEbFeeqZgtpb8oJgHovtlA0=":{"valueMac":{"type":"Buffer","data":"82jRt7iI9h8/TQJnJJT4SUU6/O0OA+RGlzwhl1tjG0Y="}},"wwQob6GsFF/OtHPXJYmHuil7/Ne/UyzLURrKVEggQE0=":{"valueMac":{"type":"Buffer","data":"b99MIThTucuSVVQqowaIoMBDV9jXY2VNhyyktrDSLbU="}},"a4dt9nL4/ZDvhjV5fFWzw44OAGGtBJmIURq3kjac4MQ=":{"valueMac":{"type":"Buffer","data":"+lNwzenf8863DpXB/PTGdsij4U0KbdBxZmHxZ0o+W18="}},"d7fCjejd1vxgYGy2eVdRfUcne40wXvixzdgM3QcEWdw=":{"valueMac":{"type":"Buffer","data":"PEZRMzZ9pzHYzIRrljsuHnSmgaJ6yRib9M3FEo9xdNo="}},"pq4e/bvnW0H2lB3hAmX6GPzXrRhtJeSm6wwdgqu/Xjw=":{"valueMac":{"type":"Buffer","data":"xkxBGkD8Aw3E2YQZnuieKjuCqnOMICnfcQ1ZJp9nxSg="}},"SYToPKBo2g91JUiVZtNayfEAixtV+7Y76FMqC0uCDt4=":{"valueMac":{"type":"Buffer","data":"sRbxp/N0SboBcVjTGpV7NA2AkWdD23+SM1VD7WLb+e8="}},"O+xxji9BUueJNw02twVkLzUQhkWu/paouCNBS8wFDd4=":{"valueMac":{"type":"Buffer","data":"ih87wgf5G6tRp/s0artxnJyKYQfNoZC/8t7059Qg17Q="}},"E0yJhz0EZX7qYkKzk76ZLlsP6JYN9fM3xH7Mm9q4o3M=":{"valueMac":{"type":"Buffer","data":"8GwG60b8/as5aDphUTNC+tubCVMOFDVVdLtOYl4YPhU="}},"Wj4tOGmQ1iM+2noCp2v6RXgq0L8XuATOWzLh/BV5eoM=":{"valueMac":{"type":"Buffer","data":"xQi9xX95tAalEGw9qfsbBOBUYRKQCbgmkgj1m54dZZQ="}},"1qSZDteVZ52E0ofZNZLbN3+gZxr6PMJWEFtxqgHPI0A=":{"valueMac":{"type":"Buffer","data":"FAvCVUp24dMZP6HRzakaaGFBBGk/0lXpWkNelbcjlvM="}},"rrIKplAjURKKoX4wyzwtgFc+kVtrPn1F9zd+qjPlrl0=":{"valueMac":{"type":"Buffer","data":"sYeta10+EiAPTrSsYpNrzJSDruUH7id8D+3/xFa4vRA="}},"cewnm9TjiGz3FxZu5yuJEEBzHpIYJM3jXve3dwZTmB0=":{"valueMac":{"type":"Buffer","data":"yYdbPsA9k8lMPyDhMnKulMuuMYxmSCZ1MawlGzp9ogk="}},"dKDlZq/n6aH17pVDgw86knPClb4BV3whPyH97PZgTKE=":{"valueMac":{"type":"Buffer","data":"8utpGYPiXUwK7UOreG+eEYpovGPbLMF4j8jW6MjTE5U="}},"rvgSidd7n8xF7TSkh6dx4sSx4A5UHh3fYStL3Mnv6Nk=":{"valueMac":{"type":"Buffer","data":"DXc7doo6Kz4+5N55h3LdN4HEQrydeCzqm942Saiu/Ng="}},"CnHXaiegbW5kkTmhaz8GveyjPp6WbnmJAMVRjwYUwfQ=":{"valueMac":{"type":"Buffer","data":"tPdewR+Q30dQ94lTDq9lBvK+5mlR6yZjI3SzZnSoNv8="}},"9t/SbWmYxeE9m+q96/sbF55skWnZO6mp8gRUm2jN7O4=":{"valueMac":{"type":"Buffer","data":"wAtck+1Mzm+1ksYVulQi4ubSSMthgjJ9YHRjPlnPi3k="}},"pTuYY63L+phM4GBnWSSj01rbPQi0xZm0aouwuhkpagA=":{"valueMac":{"type":"Buffer","data":"cgfSHydUODrE4BNCE9D1EdNWdlGjy4lBDs1Pql8gu6Y="}},"ooBT4UbtjI1BX2WxtnugIDAOaYd2LF87JMfZ/SoQ7h0=":{"valueMac":{"type":"Buffer","data":"/QBJcqdahRLhZMq6jsGQdZIFZ91H4lhORn5sYAIToWQ="}},"6lEyJGsk1UxwOWd5DFb7BPMp3SIBCgz24x0xc8tiakU=":{"valueMac":{"type":"Buffer","data":"l6vPSAgB5NcT+2xlz80dhUa50gE0bqa+VOTyv2UVeVM="}},"bjXkg8Afwf/yReZLohB3Dgc0ceMJLzH2ABPoaLIBbwE=":{"valueMac":{"type":"Buffer","data":"Ebq6iXThksX2IGTzfxc1eHNykYltFugIPT0RL20rq0Y="}},"i+7nz/BskiSLXNIUEZiSvPfAlmxEputloKl8mzdapLw=":{"valueMac":{"type":"Buffer","data":"6HuOGM4ia/Axwom0l07mPWgyrCP8TbLo+SFgK/tWZBg="}},"eel24pJEP8bvUe0Zw/x2iSBBbfJXWMR1UIzW8k6V0fA=":{"valueMac":{"type":"Buffer","data":"GIqHfAoe7bxp8/4rCL+Gnejvjxmr43Qfa7wrk064pms="}},"b7HZa9db9EhgIYsEIts2t0ZEKeht2aiGvaCTb9/A1pc=":{"valueMac":{"type":"Buffer","data":"v+B2ZWT83NnvmlyQb0OyBLnyW25x5a2HMCQJaF5qdXA="}},"GOWU4LOaFltLOl+bQB1OwA5Nmt7dpwi4mFjeLWBWTOs=":{"valueMac":{"type":"Buffer","data":"N+OH21ovMb8nz/58PwCc9bXD749BXRb/qMnOoRb6G78="}},"UWgv7CtMrhN9Vegfx8awLeCzjDiSrqL6lB3fZuvF3Vg=":{"valueMac":{"type":"Buffer","data":"jabQUzTvW4bCLZ3gj713SZJs3RRQc1tkdjFeSYCDTe0="}},"F5RvGekgWATmFGdFUHHv+ify8qCAvM5K1wHWPt09xIc=":{"valueMac":{"type":"Buffer","data":"MtyLlha9uXnJnNFMvY28Vsb9yFLUkMv7AV7TwA87HEQ="}},"02Tg7XVXj0lj9Fm4D97U7CPmFzlakqyw8f0AQoytbdI=":{"valueMac":{"type":"Buffer","data":"Q9jWUKt1lpL2ORXDkjP+KqhA9T5oB3tT4oORDBmsQFA="}},"1nHFVKd7pWgQU87X5yRawncaJ+ekrTeuk+4eVoBUldI=":{"valueMac":{"type":"Buffer","data":"4hhYqOLgxH/sx3VgB8jyi+XxA5HYEtPxSbJmAFiC/kc="}},"wp7Z7pZzs9DwgR0i8wlQqLCo0nxSaEmr1nJ4zuEIIBc=":{"valueMac":{"type":"Buffer","data":"631WBnO0SytnHT/5I67gRviertZSgcMo+XwBTQBhwbI="}},"SyUFZ9lcEFLeLjQVk5x3bqhG2oJ1TQ5obmXUQ9EExFY=":{"valueMac":{"type":"Buffer","data":"MdkTgnWrnIXoUERPcctlir1cIX3FlT679oPmX6zYd8s="}},"M7bUKf3lbqrrZHCCyN3wkTxFtw2/qUPemhtmczJ120c=":{"valueMac":{"type":"Buffer","data":"v1hqstdW+11/YHMe7AQqO48pa4TLdv+Dr0UIS5rVIJE="}},"AyfaiCkQepkQ+WsGete8F181Wdz9jW4WgNWdH99+GNM=":{"valueMac":{"type":"Buffer","data":"Q26iRPc87Iq6MvA0Z2V/QSWyp/5iYN/PhF1Y65ZVnzI="}},"K7HQHd04JQJ+Z8wCb/zphfzNtWtLguBLOrVNVH5ApXI=":{"valueMac":{"type":"Buffer","data":"SlmCRokmSJEFjud5pTXx31j9Ry03zR/Xn9r9ZqmSzD4="}},"TmrnENhccQ+bxrJkFBvkaO6SeO1f5eqxa+66RqW3NNQ=":{"valueMac":{"type":"Buffer","data":"NsimgsLUR6Pz556BTnQFn97pZ3msJz/wAkBglcro0Q8="}},"6+fdqCmeLBMDScCSS7JCaUCociN0CIODjCWyvxmVIug=":{"valueMac":{"type":"Buffer","data":"ZVroy5hj3fIhQ40LKqh784SAD5JsHq4c2cKZNUt7VrY="}},"R2B25CQGyMNQthR3WWiuGouufzSh7ZRLdVRKptbGueU=":{"valueMac":{"type":"Buffer","data":"4ZTgWQX4wRSFisp8AmboEkpKYBcd0d54GMQW6vXVzbQ="}},"UXwpOIjsM1XyWDAI19yE0XTLfqBWez4JCdUlujViQlQ=":{"valueMac":{"type":"Buffer","data":"j4p8TaZRor0l0znbeUrPVLO++uD1WmCq3M4tRb9g+rc="}},"ttjLPL35hVoPoZ7Umyh+F9OVCHq6s2Dxrj9wfdTsl/Q=":{"valueMac":{"type":"Buffer","data":"n8w6kBYVMM5FVYD4H29tvmPf3MQ8GCkOpFxfdhvQ9Zg="}},"EIjbzhZNHhnqR9HEjEDn3hiNJ1tIj2mEx/dWbW+7azA=":{"valueMac":{"type":"Buffer","data":"hRpeHDEEoVc6jAdtv3E7lnYZ0pxfoGod4w+fKBNPmXI="}},"N7UEPJ31HoF9pZhn7o/uT+/xcloQnx8kvfjq9Ww8H+8=":{"valueMac":{"type":"Buffer","data":"12tHIv0lUiQ3SirfYLj/iQgjmMikRworeKEz1p5Sh/0="}},"5wK0+cgXjBOBAqyGWKQ3A4YUyVI2Z3oE0WTEaxOJnUI=":{"valueMac":{"type":"Buffer","data":"7OdTrFh6kQooxtyMlLQ1AlKFQhdtVZ9Du5qogOuocZ0="}},"DMAj0dcJajxchZc16dfnw2s05r8XrnpHHZCCRjpGcpI=":{"valueMac":{"type":"Buffer","data":"JCpTd4l9QI+jpMmGcYgpXoFrAWO73qK7XS7Sgo9Hqmo="}},"jEozK3dNQ4iXsesk5h82U5ry+1eHHRHEGwM4xnrR9+8=":{"valueMac":{"type":"Buffer","data":"erl8KUaEQegKvH+65jrM1/0ddjF2jWRr6U7ENNgcQHA="}},"zEwHR/MxmKFnYivyQmoidl24IOtaw/HJWNbtQa+03hE=":{"valueMac":{"type":"Buffer","data":"vYA0gB5zOhIQHJvR8ciycaEnUR1OYKnYrSPCM8tn/Lo="}},"exgBCoG/a4KEokDQB6cpOUg/FSldfD3mPdD2VH05A2E=":{"valueMac":{"type":"Buffer","data":"fxeyvrdLSoJJLeMEBCdPIf4zV9ymZ+CmdbPUFPXUseY="}},"h0Fg+jSjI1fP/Zsgy+zvL2eaMgOzfiqA3GXZtvxo8Mc=":{"valueMac":{"type":"Buffer","data":"lDNG/eb+3bGRzr1TH8Sji1JtsTqq6/i4/r875KMPnTY="}},"MWVr4MP58mwIZfGAfiAPkb86J6tfdYiJh3XXpjKdbBU=":{"valueMac":{"type":"Buffer","data":"p5qQ571JIRVOzG4NMkvmoryRBzl+Rm7N3zXUyPwOz+c="}},"HGszfKbAoPnkHcsGVcNLyXkSvQftVoznsyiuqIrC4l4=":{"valueMac":{"type":"Buffer","data":"ix1JyO2wMOl57s0Ydu1mwNRw8/9aZ1DscPFGmLbLlWA="}},"GhPbz2J0LftPvYhRQPst98LSwjXd12vW/Fcrz/Dy5DM=":{"valueMac":{"type":"Buffer","data":"JY7pxwnhqV1HqJX/G8URP/ZpJvO6c08dRHa5jcSJPUM="}},"GoIdPTbSDZOvCUBLBIjl8CU+0xPM5ZPsVyAxu8vUoOM=":{"valueMac":{"type":"Buffer","data":"rbudmgolLdbZYuP8y9PqY9oncR1yy2RjSJ+YqKnAq6M="}},"8FNF1mHij4GaSszVyLNqx9Le1MvrHIaFX130dsaVnzM=":{"valueMac":{"type":"Buffer","data":"XL7Eohi/3vfm89zzCb5qQQa2SPCnkDpItugiFdPGp2A="}},"ZJHWSJrJzertlOyfVR0MFDiCOTwBuSWgR8xufhdhZuY=":{"valueMac":{"type":"Buffer","data":"33V0t9sZ6uLHuz7LC2+1vz+cNmq62NbECt7JbOX1RFw="}},"dEDaBxmEEX5ZhV1an70/589vYk4WF54f3o2D0btlaMw=":{"valueMac":{"type":"Buffer","data":"pVDiof6WLPtcfiEVkYyfOh57r/+D2P2RHM4ssHXGXLs="}},"rjBeqcAMRPpTFgzXqs46jJ7knUXxY2GIn4DcBaFDdww=":{"valueMac":{"type":"Buffer","data":"qLmbaLHEvkjAzgBznXrZwfLiHUtjEaRAr54CTsSVRnU="}},"puqHiqiNkYw4mGub3i8P5eHq6NQO7/l5EiSmC7zFA7o=":{"valueMac":{"type":"Buffer","data":"URQZOIYh369JYXpamCZQEdIJqimfUsxPHcBYq3SKE5c="}},"7CFYlte9z8hBQP2cKKpvoRQ8f/FrcZnhQjxXpOA94U0=":{"valueMac":{"type":"Buffer","data":"FPtCJWCmJAftLRYVSOWdJdDkoubjZtEfemYBKaVJzcY="}},"aTz+lpqdumphNUNr6mZPIRdfQl0AbJw4LHZWvt9ma48=":{"valueMac":{"type":"Buffer","data":"v6pvyZLILISt1LSpL5BxduFeSa8neoV5RUPKn0QMn7k="}},"b5Usg7MdaieIbbTQbWcOlfwZz5jX/r3J7N35gyepGkg=":{"valueMac":{"type":"Buffer","data":"9mJJUHqJp4l/C8mIXD/WiY4dev+sJ8sFxxDk5C4L1qg="}},"fVFqTAibtc2wUtzyr6RCrym3Dq+833kLPzMaUcacRiM=":{"valueMac":{"type":"Buffer","data":"hUdVEW8IFScDqktfFYLGnToKNUgEYDF9hwahb4wl7fo="}},"zZNsMzIeHzgsJy0DZd0wZVTPV+ou5eWuMHX0GhgoCtw=":{"valueMac":{"type":"Buffer","data":"aEkHBYT93yEY2cvUfD+CS9v+fbfm5WM7QLxCxtetkJw="}},"KjExFmJOiGHes2E8580l0pPDo8xjFqx2PvXOLHeT3YQ=":{"valueMac":{"type":"Buffer","data":"+8cnPgsYqo+C/0cBu1re+vgUq6jsyxdBGq/c48nxu9w="}},"xd5h6vaUS3C8y3HXY1NznxGeuxiP99Z0TrovWJm5ma4=":{"valueMac":{"type":"Buffer","data":"/ye7McjXASo8zFAQM46gOeA4FvjJIv1MOCl3l9I8Zro="}},"olI7CZIyX5KmH4V9sgUiWjMUHnx8TYykdTW0pLTVn2k=":{"valueMac":{"type":"Buffer","data":"0+ERcI8Em2EYSKr++TtSFwV6C+kA1/hYVmzUUtKoDr0="}},"wCeCAdU7vsACzmC96maNcUHitsTODQ2VPRergLAMBfg=":{"valueMac":{"type":"Buffer","data":"AjxcbZl3oPH4o0PQwv/xzuiNirGbVlylk6lZkl5YN7s="}},"LWzLf7TqJVRpEWFLDhxxlabOjB/VMbbFpaGKEmFp6Qc=":{"valueMac":{"type":"Buffer","data":"Q5mETJXali9kpctml8qv4c4nUuA8Mfbl9JVlTehR6KM="}},"UbyslYQVSwCZJNmmiWpyTH132R7mnOzYMXiQoOUl0Dg=":{"valueMac":{"type":"Buffer","data":"/XCSG3rNEP1tI6hNqgWhgV1dNYYs6hLW0c+EUII1shY="}},"2lOY12bOYzOkt5a+GdrRJnHNzX+r2f3FvRwSmLZcqrA=":{"valueMac":{"type":"Buffer","data":"p2meRLnuDYesEOLIv1vjv+7MGSohMkkCmG9uhoeGkUI="}},"nwZfB0HkO52hggI/9VQv8qth88OLS4CSMnXV1OraLLo=":{"valueMac":{"type":"Buffer","data":"QPmupqnGZsVauW3CmSctT/2f9iXdQQJNlueuokiGg1E="}},"1Xal8Dqz7tKci1VZlWgaGp1WDv1ITrOQzhcU0rrSbQA=":{"valueMac":{"type":"Buffer","data":"Y+EXG3tDAksampbtd2xwV9SUbgCJPglPqqbzqc7nFAg="}},"T3sqsUV1ho8lTqVHbORl/mrJxSlghxUc9ETVgzBmFxk=":{"valueMac":{"type":"Buffer","data":"PBOrxnTgcF57Drr1hHnx6uZE4cFFQBoHHEXe7lCjw4U="}},"zyS3P+8t2jpC3jMfUXu33W02qDQ4RBvoFW1v+4lZMgM=":{"valueMac":{"type":"Buffer","data":"s8IOL4ykPebESgKyihYCW5rq7KaJk+b1kKD8ytcrjlA="}},"7D0BfjHdF3UkVv+SSVPogIg0aJGqKO1mKzjq09Ilmd4=":{"valueMac":{"type":"Buffer","data":"3sJPsEzY0IrmZ8dikUIYQ57jHtk/e3ULcbTlR8BKWgQ="}},"+6l/0U9ycknH+GAabetDLDqP71GP4PrQ6QoALNetOgU=":{"valueMac":{"type":"Buffer","data":"xDgpYDCceWW1mSthKIJWDtSXLqonDpCZKpQ/iCoXUIM="}},"9fEQm8R8VgSlGpRfOi69MIOc0m9Is+B/L5p2ggbYeyk=":{"valueMac":{"type":"Buffer","data":"bhYGP0HJrqpZI/78veT7JtDKIFz7g30PKpH8rQ2PDfU="}},"g/3j1UQjAyA9o11zWIoM/zv8txOoCNBxG+y7k7j7hkI=":{"valueMac":{"type":"Buffer","data":"i+Nn0Mla4gmbiz9ph/zFQ8TF/nKcuH4dL0wdvJsnYwg="}},"sFkKhthiO9oyyIT+KZj3uy/QjX4OZ/2CTvWdkXvTuEM=":{"valueMac":{"type":"Buffer","data":"eAJiHgZSfrzYOzl4NGqo9xjJUTgaXw9gxXQhqk+3XKY="}},"dtfqoYzL5qFcLxJMESldRhiFjexpioIV9GhsRWBaNVc=":{"valueMac":{"type":"Buffer","data":"possWf2jDPiqqqwRJCw1ZeoZX2WqwAPJLLpHRKrybgw="}},"QL0VwqaiG3HEJ19Zf0g8UdzUTYK9DqgowJXxvC6HdH0=":{"valueMac":{"type":"Buffer","data":"k3+7aGq35lF2ykadKtTcPzF+NNpOrwKcl+L1bfAHRfo="}},"g8W/PkdQXwsp5d6QoTgIe0upvbAwl9BQetPuA6rldKA=":{"valueMac":{"type":"Buffer","data":"qsyyxNpqCVuFL3cvUqWuqC6pOG+lVb70jJu/Tu4jGrA="}},"wwpOCE9uleEHd+JtlKwFvAx7EaEy549kEFiHRFcwsvM=":{"valueMac":{"type":"Buffer","data":"W7/KinQB3oR/MnZP5i1eNUh0xtotKuEHaTpMNS/5OZ8="}},"sP00mzGmHfUBFtFMaxwLSnqEX9mYCDF+WaLGq1FtrpM=":{"valueMac":{"type":"Buffer","data":"8nR+Mh81wY8kYiNNNzrdEYPKmD3ZtDnEIONPa5euAUM="}},"E8hhdH4VCcqxc0/EyGdmhZNdcXA1w0Fie0qLnH5/zag=":{"valueMac":{"type":"Buffer","data":"w7G2BpXRz54O3wcq9c+CrAV4557egOvNgh0IliItNbo="}},"OggQB+GgacD1tDT1z2j7dj+YWPAnQpV0AN3Pe9e5z9g=":{"valueMac":{"type":"Buffer","data":"Q/FQ0yrUy0QlSJYAxqqLadp9lJwb2fkCwnLQnYyFC+8="}},"xistHdIIfGPsgVhWJCH6kb8MVU4rZXrasczbB8JgnRw=":{"valueMac":{"type":"Buffer","data":"TKkmkTJJMdESk6yij9Mt3A3zVO13qtHkDDnjRBzRXs4="}},"UsZv6YNyxPww9GwLRFGMberOXg+qOea+I6nhZCIJk38=":{"valueMac":{"type":"Buffer","data":"tW6F/dW4oVYteROP3yTXx1U9NV/iyy2RQOfmGzJRInk="}},"UgaZLopf8Nx/uff1uPT8L9eNpxPRz2z5MWDnPN4jVG4=":{"valueMac":{"type":"Buffer","data":"41o6/o1au01in3SOS/9y4PUBL7LIgd5NeqwBzzm7Wc0="}},"viyzHzGU2P1DaKUmxZ3+XfF48y1vYa5tptvbFTQt/sI=":{"valueMac":{"type":"Buffer","data":"wwQbm/x3gAN4HrM/AHYki+fqQKoIHtbZvNJ43E7coSo="}},"HatJYyRyDOwouBhhzrDX4plESFHA8IDXdynYPaCngts=":{"valueMac":{"type":"Buffer","data":"Fkh5vjdsMNkpjXsGqCQ+xalFjaBj1c5UNS+U3aZETvw="}},"cTvI02HKpp75uR5oGLKNSffUPYHGXDoZrSz9+7uV4Io=":{"valueMac":{"type":"Buffer","data":"g/Ot39+0K3wd1xd1CDo2UaGk6BX8TVHrGjD6Q/NOPII="}},"/SP9b4qK1C/806XYqP2lHM7ykMeCZHKss2D2bsvr4LE=":{"valueMac":{"type":"Buffer","data":"IYiQo6JpuaSGQ6ou3I+JovRU/4BS3DIyjLqbFRRSeCc="}},"YQ/ojsdXJLGolj3e8Uc69kO4gwN/U93I5Xymlie+THk=":{"valueMac":{"type":"Buffer","data":"GrXzwxq5eBmCr+fKgrG0D7O+eJGDIHIQPwzEMHLZeBc="}},"0dp1GTNbpXYWwMZTHnJ7wLpn4w3E7fZx56UDa80QFtI=":{"valueMac":{"type":"Buffer","data":"Pe1qpmnbApWCnQDqOeXOy6twaSF5oTAEfSpeoUdmWEI="}},"otg57aMXfj5tzVabKZvHD1stknulimBa03eQqR1V0z8=":{"valueMac":{"type":"Buffer","data":"r3L3pbDnagEd+dMAXFYTMTeLOZKlmsKYp/hajwhpQ9M="}},"I/MaM/d0YdRh6wWX6QjfM4NYUz3F6HICKX4hO9gNlt0=":{"valueMac":{"type":"Buffer","data":"crsgPZjI6ZBFADvvZcIJHxpATqSMpNSfOVYkeCnU/tY="}},"FAidtuNELxaGKCl9Aiv93F1b24C1Sl1P6vfoOVaFyrY=":{"valueMac":{"type":"Buffer","data":"RVs02wAMvPRUrHhsM9fT7Etf+zfR0L37eKSNINfavgM="}},"hV+0/bTWVO4ugxdO9gy/5+CmHv7vK0LiMEyCU1+XsSQ=":{"valueMac":{"type":"Buffer","data":"70kR2ldUzVIdng/oSR34ouCCe9MWov32GUt8sTJBpKU="}},"uhKRu6U1iRg/3Izjr15V7WogsMwd5mNzmn0uJaC5vhA=":{"valueMac":{"type":"Buffer","data":"Fq5vULeLWq4iu/QE30yl8nkizwWKy/ZgR/bwc7+VS1Y="}},"/u7Nk9X5dulYDRQRZbukoVT+OSp081OkE4o3gAp8v2o=":{"valueMac":{"type":"Buffer","data":"XRbiMACeMVicNPwF0b+9yanSpHd4AxwKJH3by1j6zio="}},"4Gl/+0Ph8C6SNCn8Np03Z8tAwajK0ngNlf2At1+tIJE=":{"valueMac":{"type":"Buffer","data":"+15fyR5TGwuBoeYwQPCKuJ/3Ok8x3tVtfq0uHeOtfNg="}},"YcuOQpXlKSKkhNBFG36U7ZbOLarl1eV3yMJCXQm9jS4=":{"valueMac":{"type":"Buffer","data":"UcPrCOQIrB9GD1SN3EC0yP/drVCeaCMv6MyTtah8LCQ="}},"gvJSFR3vfdYsW1yvQdfKk3sGd6Og5Bcl1QhjIqynlW8=":{"valueMac":{"type":"Buffer","data":"qcq4kaD4ECuUKxyC4pBbqOuzYO3eNLN08/ooxBrmGqE="}},"BzGJiwnubvENBU0XcLxX4vsTaQ/4TQPWZMGkGpIkoDI=":{"valueMac":{"type":"Buffer","data":"RR0KRu3Ll4OvhegfPGAloSAiBImgmxuI15hvI1wT5tQ="}},"PQZkgRNQ4hRJhFe5H/KGGaxOCZTvhHnP1AveCY1HBpg=":{"valueMac":{"type":"Buffer","data":"7dD2NhUHN3iW53ulPPG5bwZvzaYv5D3VL4IstNFfhGE="}},"yMMQSVhO5sVyM1F2xmrhi63AK27zkyMF1SMQxXJt1Y4=":{"valueMac":{"type":"Buffer","data":"Xnsd1YHyrVyUj2GZ7/jVZXEFelCcD1n4vN0F4ifD8Xs="}},"iH2yxRYsTuAIJjDGuWOqt0vcJAcAQ5+TyvUoSsESoK4=":{"valueMac":{"type":"Buffer","data":"ouqgYtZE2DlnCIV9DbXTbApwgaY08mJwhei6s/FnJfo="}},"iZpqXJsQa/KLeVaG5zioQirsFHD4+QaIbJ8sUEeu44M=":{"valueMac":{"type":"Buffer","data":"1BVSnnj0N0Yz46bNuxGDuUZ43NC2MwA7tNpWBB1HCR4="}},"kUdYfeYG/jG1KBKYoY6nR6Vxqj0JBGuTIuBL5aYqGcY=":{"valueMac":{"type":"Buffer","data":"AnylfVTfmVctD8nTUA0a6lNS3x5/xjvRgUBY8IkzoV4="}},"DltB/cTDRieDhwCuD33PNg3Yc2g1PddfSQWRatFa9Us=":{"valueMac":{"type":"Buffer","data":"nxJW1RwBBOeb7FZ6Bky0kVVXzrTMnxnavS+NSdb/wFA="}},"OGPr4DVfWgjqzP7mJECvGxvLGXSV2OuA2hnm+X9ZDuU=":{"valueMac":{"type":"Buffer","data":"PhqiZooBWhWjl4Xnhhuu1Sv7/p29zgwNwwLSUc/OuKo="}},"jm1fkK736l3RTszwKuH8/dSFQURCQ4K2DCmcRU7Xm7g=":{"valueMac":{"type":"Buffer","data":"5tTbBBLdMLm/+hj1msrymOlKXYintScxtwFXPFV6a7Q="}},"cnQk1yHcqpBZbXKzCGL0FF9eEyMm4WiTvp72FPr8NVs=":{"valueMac":{"type":"Buffer","data":"d2yGRnYTjb2pU5Rq6vgJhUYvnzDgg39/ohgdHI3wxsk="}},"xGe2vt+eSfMere/wVxdG6WAAMRNr14lrdiTsCnjevDE=":{"valueMac":{"type":"Buffer","data":"Ov2AWFYHQG/yDFJUCRm9QEZ3BtlTZp3bUkkmnkjLNIc="}},"HXJyjGfHtpS1I0YQvBzrWkz+oQT4gYgSYW9Wa8eDdB4=":{"valueMac":{"type":"Buffer","data":"18iQE+lxC7hgJ2QowAllOChN322nRwMPfP1pGK0JfDo="}},"0KUGLp6h865XKj8aBODoHzCl4Nl3NxXAwQ5/Sgt5FeI=":{"valueMac":{"type":"Buffer","data":"kkUR7oL4YBAzjCroNh84GQEfE5/JnEz7DpIMGxUMbZM="}},"G9FPN1CtWppbFQQ3XdpU5u5TLsuJ6d7gKLGkjxizdFg=":{"valueMac":{"type":"Buffer","data":"dF8AwdhIFvDj9LXcwcb2EwykQNGN/4+YeibE9bIJeZw="}},"oSfAi+dF7LWqFSIkoNGxNiZZzvmXOnUO/OKbsiXLORU=":{"valueMac":{"type":"Buffer","data":"fhM4TgAoNlG8Qec5aOXiY9+jT3uyrHP+EugfgnPTIq4="}},"Y3oweJh8Lb4juZITTxfcyiLFi0IkLIYrdjEN2laJzHM=":{"valueMac":{"type":"Buffer","data":"2B/r+4CmjnLbeu9NiJenEPCZVlD6wEegw/rNtucOVpM="}},"Lie9mgp0yu6M7gzMI1ocWB+GzENsFblONFwhayMjefs=":{"valueMac":{"type":"Buffer","data":"ABUlxgMeTaNaUtA85bfTFU/Ac6r1DdX0KWGkxz7RhoM="}},"bCrJpVCY8fM5xDkIDFRPZUnPMLbC0ZBLajZWjTj1vSg=":{"valueMac":{"type":"Buffer","data":"Ex7i0COvmrJas1xsctcNyofyTwRLIGNZBFzC71wSu2Y="}},"aZ0/i5BjjzkjGUEV9GQeZmRnMI2Fnh6UNHZB7PIFaDk=":{"valueMac":{"type":"Buffer","data":"bnr7mO/Vreei7CsRqM4Ies3eokmHajeUJpsw3AD+KpE="}},"Wyn8B+rTm+Qu2nm8T/SZvUYjYUArjWVaSjh5+zPzXWo=":{"valueMac":{"type":"Buffer","data":"YN0Gn4mdZJkBtBH5y67RefqJV3sZfZkG8Q3q6BsX/M4="}},"6zL+Y2ubYCLzJ3IhVGvmC1q9STODTrc820QlqTVUoso=":{"valueMac":{"type":"Buffer","data":"OBOnUH9eClnaM/gSy6Vlugal/3zusS+IhD7Bzgol4VU="}},"0NQd+kw6cCdaazcgEEtXfMwFOWM74FzY3wZ7W1BeyZQ=":{"valueMac":{"type":"Buffer","data":"TA7yNZ1Rnw1YuXo0P2cRLFL0fELjvxKLw9NesZY41II="}},"+Vj9EcKMIfrhR4exNNt6Wcfo6HlmbtdkUgFZ6GNrALg=":{"valueMac":{"type":"Buffer","data":"5SXVrK9sLX3l+rfyAAkDr8hKaQ9jYwIQ53MoiSgVm/A="}},"pTqoqDXC3eOeejaDaGlJlfXMvQrbWENj/GfP7yFJYMA=":{"valueMac":{"type":"Buffer","data":"6l4vqecDQtgR+WC+bt2GFGyUlEv/klL7Palv1uGgQHs="}},"U00AfkGUjHvsK6W9h9Qq7lTzArFOqqNBpNHAGFY2u3U=":{"valueMac":{"type":"Buffer","data":"7VMDQStEpksk82lMVhqnIl/s4q9+LZpcnnvfBpnfLYU="}},"jy2SXUiiX22xNKeOgljBlfckyLFRn6LcQWb5mJPPnzg=":{"valueMac":{"type":"Buffer","data":"0NbWjZjpA1Mz8sTD+e8yNQWwiKHgvpOyz62CTN+0Xxk="}},"A+KLOuBFuVyp/BrtbR9/8UCArJtGGfvfjvxxc7HROX0=":{"valueMac":{"type":"Buffer","data":"A8WLz3LQH8EWnlvyjA9fCqeOUbqrKSyb7TCA60oEol4="}},"ePv6FIeWhKjtdRV4ajHkP3wyySrXnBTkPMLA6HS/WP8=":{"valueMac":{"type":"Buffer","data":"seMSIbT/p7FpA0mQARRuEOnNKs2GeY/Mppw1+gINmF8="}},"XrbX3WxrNejSNEgApYfcR32IL9CjHpmGAklW9mCUOv8=":{"valueMac":{"type":"Buffer","data":"QqEGyc4Wi3Z3sCYGar/fLhDe0srU/i5J7cS/p3DsM7s="}},"Xc7TD2lv9zgI1ET3F9V1VEUGaKK2i0rmmIuOZxSJ5fw=":{"valueMac":{"type":"Buffer","data":"4VV/7s80J0+/dZfwNs1HqqJibQhT3E/0Ia2jgGYJAr4="}},"B7ThDR0ys20PBvemsk5/JSLH7NuX/HDwWNokHtBQ930=":{"valueMac":{"type":"Buffer","data":"pGGfJMztitK4iJUEbXK7i1pmfG9JPzBwBE/sUW2oJdA="}},"Pa26falNJ5fJ546hkPbICoKJGims8RP/RIM08l+rBSs=":{"valueMac":{"type":"Buffer","data":"DHMAjAqas46gf+MOzjuwbhTs6hI7IwQWs7FWFowQVFI="}},"zyFZ2pWPFMW0rHri/PVpgKv0Cxcc+Eqf5u5GruU/SpU=":{"valueMac":{"type":"Buffer","data":"fM1jZ9qylluCBPqY6XC2N0SCqUVg3mhzEx77tAAJDwQ="}},"PR44kSw+79Mvfcq+FKELchT8fZ1F2vKb2qPLrApsg1U=":{"valueMac":{"type":"Buffer","data":"vXB9XITtUduRdGnmeUgjOb/i3LlPl+hc12N2CNhnV5g="}},"os6d/O0Nrd6h+iBexR5b6ouW177oUTOtQldzAIXOORg=":{"valueMac":{"type":"Buffer","data":"quW+5u50xygg8u/8GniUJQ11bKFy/oE3/r3T3nV/N/Y="}},"c/7Kqb2LftjHZSv9K8EZIjBfYXBsJ2uSiWTOBkpx4MM=":{"valueMac":{"type":"Buffer","data":"AjC7Zo6DxP1CGFaWJBGfD62uPPIjDVK9Ei7Z6Go/QCI="}},"vqGJu/1grEgg+82NuDfoexP2n46N8I0zlm6fFiunu4w=":{"valueMac":{"type":"Buffer","data":"JDLsSZ2nyi1YAMeP8camhp8yQFyyJnqtJEBdVc4TdxM="}},"JFU9sSWHL/mf5hEwhSEDlInW1GIi/t5A+mWjLRRahdI=":{"valueMac":{"type":"Buffer","data":"LGlkaeFYn2rTr1RHbc41JyYmA5yjCZzZwoZkgr8KfEQ="}},"1P/0uhww7yJv1R4Sae2jr4fyehR9890e2JyL9ONxX8g=":{"valueMac":{"type":"Buffer","data":"jDnadzTedsZ1AnrdTxtxOqIHx01zcnuMadGggT3UuOQ="}},"B/Idhak0J33zJneonDLiHtKUzHgHU3h2fWE35r9zn8c=":{"valueMac":{"type":"Buffer","data":"tanfVlt1XVG8rE84jt8nVZ2e6LwttQzrNDHpuv1efcw="}},"P26zSh8rkbltpaGnrwl02mHTVrn7Dia/1idhf1nujWs=":{"valueMac":{"type":"Buffer","data":"KWTmKxDWvML7wqTGIQgRLTMpfvYSD01E6SmwYrbqzBE="}},"IYk7NOoMA8d+j9bukhPrCuGfmNHeH3+B4S8tHL+uBWI=":{"valueMac":{"type":"Buffer","data":"xJdrpUH0Z2jocHFO+ot0/wmPkZTJJ3HML+FJNhLLyl8="}},"nojysN7eae1KBc8nfLcdlemBAXsq1XCQ0VplwsPl5js=":{"valueMac":{"type":"Buffer","data":"eZtlbI7ejSZdASCnAOLrMkdKbNfPjRsq77g01TJQ3s8="}},"zCPckjcxIw2ecXJsYa7WbUDczRcq7lita5ESnyTe+3U=":{"valueMac":{"type":"Buffer","data":"IFpK0mFLi6VBE9pv0MDt7OtocGoaB5cOJ7Wd73Ap1KE="}},"ihPDznn2UVmRer7MXlftGQfbtMBintJqFXC8WoQld78=":{"valueMac":{"type":"Buffer","data":"3EoQ95D3hlcTmf2zHjGlsYzda99m3y+gV9BnavYVvco="}},"DS2C0Im78PB2X/RJujxHYoWNTMGbWTztgInGbss7Arw=":{"valueMac":{"type":"Buffer","data":"L4NRILgQ9JrGNJ246Q3hXy4ze7IZ2uw0gRsq62RjD7c="}},"rMPCLsXE9/u5+XnAYgbT38Us1ITzzRJL9oy4zSqe5t0=":{"valueMac":{"type":"Buffer","data":"g6vO8D4nDHjEtxeqYmWYhNVJRqRTRg9FQeM+z7Bg4R8="}},"7HohAUoqDO3hxXu9u5m+xHIjy4+SOd8EWF77bco4my4=":{"valueMac":{"type":"Buffer","data":"HHxbx6+8Xxs9uzQmgWo4aA25ocH/+t6v4Pg7czKR7ZA="}},"Rnu8TokabiyfcoOFQEVKpoIVCxXzN4oUHwCsyzSTZMc=":{"valueMac":{"type":"Buffer","data":"WTvhmDWPo7gTbXaMvuhkDrRspx53xteMoTq6DAnPM9Y="}},"+nemrQHkOngxLWwstHqlTWKwgunpxH4NeIff6Ygayto=":{"valueMac":{"type":"Buffer","data":"UizU5ytOGnBqO4O3I+JQIZXb5JHC2RCGtGnwTTPNBos="}},"MfI4VkP9MVXqwXC1KXPrdrAYXTwuVjP8f2CSgSYxoF4=":{"valueMac":{"type":"Buffer","data":"AOTofrGSriPorIFlIVoTi7Kpp1zJgP0TasfdeNULw70="}},"JxO079NV9j6FdJyO6Xzp3PJYUbuNhExZ8lVXzC9ipww=":{"valueMac":{"type":"Buffer","data":"UAN9srjydx/D7OZo8YpbwcB+nW2E2LFzcbA2K2J7s+c="}},"sqA66tKXpIwPtnOFp8Q4snAWxa/iOMts1BHx3d9KJ7A=":{"valueMac":{"type":"Buffer","data":"+VsmxF4/RM7p5rxJpuouq4i8POPhW/aTb25BuYY7eyU="}},"Q7bDVqjkW8nY0Cz7JOveSN/dozzE/UgY8ZjCKeUSzYc=":{"valueMac":{"type":"Buffer","data":"hEl3A3lRdymarxoA8rxVhSiAnw6tuCpIoKttUMYT+hU="}},"H6Q9PTLU11hbOuAsDUCdFOFnWqCzdsgmH67khHP1Yl0=":{"valueMac":{"type":"Buffer","data":"S92Au3Nrw4oNPfNy7F5kLmPw6+igc6O/iODP87r8VvI="}},"kavGAdlJ486TZyHjxqtV1DL8/FthrffIrWI3uTB9+FA=":{"valueMac":{"type":"Buffer","data":"G1robEq6PG0tOznpd6BGvAkg5gnLTpCxYjAdPuLruvs="}},"e/B7IOoO5KxAkxWCslmLG0USb/xza8BezLEML48h9fU=":{"valueMac":{"type":"Buffer","data":"MvUH9E3KUw4qrTkb1vHBsKPmS3Uu0qr9Evzxi9VNX4w="}},"t3nxwCzzif5nqKeSHklX1cm1nTA/R/4GBoQNVTMAFVc=":{"valueMac":{"type":"Buffer","data":"zoy1AA56LZly0YjRbjoX+l0PIi+VFCeRSzFnmY9d49g="}},"VK/Kt1pLXNfPOl7ddW6qlOSQSl1sPuAEg7IJGdfZOfY=":{"valueMac":{"type":"Buffer","data":"PshehygEj6aok1P9NrQdExNXkrYhCpSU0ia4a0prmCc="}},"kqqFnFbTF54A+exgO8jll4intUkn8gYOl6R+cIfe8cc=":{"valueMac":{"type":"Buffer","data":"A5j9EkI6CWkK/1AcCM4gaScculTHbhLZtSzzs6Lcc6U="}},"5OBxPLyYJ0sZJMfpqnsX012Ajd78lMoJdbgsVsybCSY=":{"valueMac":{"type":"Buffer","data":"O6HoEoGGPNQZqH1qg6Q2TUQvgl4N5Fz2dFdW2Ytwlmc="}},"Rz6aVq5sYBcctnaF1YzigdACLv0Jjd6BWVZcMuHL8Fg=":{"valueMac":{"type":"Buffer","data":"rvR/fd4cw+awmR77CG43soqHBepADpjmJIBVsSQHx7E="}},"kIQfmQPV4nqioEX7LDwaIaTVhynpy0CA6Wk4FQJecTc=":{"valueMac":{"type":"Buffer","data":"6j5ZR4MPSgrBG/WkjgteIQfO/HXaT/r1LnmHwuNDJOc="}},"h9pE61Nco4pNGFcEncjzQxdZpSp//UNoU6jl6ApvrGU=":{"valueMac":{"type":"Buffer","data":"iHu78nYi6rfzZBtt7lCqxct30mZOhiiOO2RhQlJG6s4="}},"nW/VLuF4AlqxNsfO4EJMegU9NTMQ//GQPJ/AMIPEL68=":{"valueMac":{"type":"Buffer","data":"yYEOLMPBUrGxXHiDIc4OU4noU61EkfHOV42LSb4lugQ="}},"3VDh1EXhMskKm2QOAtaimplb8nGvbfQTMj3tTZgFQh4=":{"valueMac":{"type":"Buffer","data":"Whw/iPoBaTrE0wY13JAvQgPbNoWssEvXI2u4gTTRTbE="}},"WAn7Lhd6pd2CTVT2/YDh0nxdUod1QUFdX5EQ2fU0Jm8=":{"valueMac":{"type":"Buffer","data":"8Gt8ryiHV1TKNO9m1ORlHDzmxt+aozRRfCgUKPR0xLA="}},"cbs8zHPi6OIhWcjyDDiGqRQABEqhQIs79lwpXu8tBsI=":{"valueMac":{"type":"Buffer","data":"To23p8GmpGX4lfuKAhCJeDU37DIz9kjToh07+BR6QAo="}},"G10jnot06ttc7jKloKLc84DiD8dJjIuxWVVcYOET+v4=":{"valueMac":{"type":"Buffer","data":"cZHi/YyDHREWCfNTyKZQysynykMq72MfT2OU4OBehw4="}},"nNqsda8AlR8Nx7Y8JsUXyl06Bz1euUJYG5SlBJK5RoY=":{"valueMac":{"type":"Buffer","data":"Gr+nm+R5gteRNfauWtKMkQ8lwVbpQ7kTC5YkMAMl1uk="}},"UmLLPT1i0pF15vK2OhqiByyU5GfTVM7i1tXvrV2bBog=":{"valueMac":{"type":"Buffer","data":"8ZiND5Aoa1iEV9m0EXe/OFYEkkmYWn8RnVwBBeulCJg="}},"5VkW7nze171E5oniM2gYotAvkHvXpUFILqg98f709qw=":{"valueMac":{"type":"Buffer","data":"FpYpFmePyTARhk+/Vnd9hCE1S1e5xGDdkqJE7rqKNPI="}},"qdNz91tM/+0Povzx/MgCi+zSxd0uMwhr8YMs65zuwyQ=":{"valueMac":{"type":"Buffer","data":"OzblziT5bOdur2NRR8k1fVAuyeHj25WVmfnaEYArWfo="}},"2s4BtnOnfz53X1UqJimPmxXRzJu4et0qhn6TcSrUEbk=":{"valueMac":{"type":"Buffer","data":"MlZkyqvmDjuHV2lD8FGIkqIkgNl3wQbnHh3pZ+Bodsc="}},"ICm+cxs7xwGUxAFGlDMT8t8fF6OKDR0w7drfSmVHLPI=":{"valueMac":{"type":"Buffer","data":"pcL5akVN5FV7Pdtz64UGYEY1tvtlh+6sAifi3/hGlu4="}},"JJG487cQF5goES0QfkCZFdsZcoeiPWhWY3VY3sycSaQ=":{"valueMac":{"type":"Buffer","data":"gotkIzOd75xuAesu/F+ksX4kU6YEndaaoPCkni2bKZo="}},"n3WY9hxhMilP47BefzfHUcAnWLumXOG09THhmBk34QQ=":{"valueMac":{"type":"Buffer","data":"GG10xcjFtaeuNEf4890DsOkqIqUBYPB/NtfGt4eV8og="}},"5UACB/ouJVI0s0x7UegEoGg7nUmnsbgaPSH38pXsWfk=":{"valueMac":{"type":"Buffer","data":"FwgNjIUSH9QCiMrBZIiRnDXe1xL2E2gw4mCBWCqrNYw="}},"VN3t9bKa116N+N7DQPaWe9p7G2mEVJT7CKA+uzkj5WA=":{"valueMac":{"type":"Buffer","data":"s8zky243fP32oNaff41geqoVQmnbPUZ6oxp0wXymvaw="}},"eBh34rlNfRG9JKv+Q8gcdJGhrj5YEr47dLTEwiyJfpk=":{"valueMac":{"type":"Buffer","data":"kLwhutJTBuPRDxrv0W6ZTP+/gMxInKKGjkerOuRhgI4="}},"trH2e4wZ9J8+IsKGzyR15V9F7jM77SfZR0R6b9wgaf8=":{"valueMac":{"type":"Buffer","data":"yz5vtp3gARbxIQv+nVikP+gpYw3zzCdpotpd2tTMBHY="}},"o8x7Qmwv7EWYPQtMPUoDHxElMtO77XGmpxt6lsO7ygU=":{"valueMac":{"type":"Buffer","data":"9tSG/Q+Xa8FuJ4kEC55CiRM03CKjsBMz27BeUrqy6Vc="}},"XVl9wocLh/kzYVsz0+nmcbOfGUNfRLm/sDMQwb71E+Y=":{"valueMac":{"type":"Buffer","data":"3PVzLD85kttraXRar3Ov250hNCOSjhoZX9wMTn2REOc="}},"cm1Gf5OU0RmkKhSELzJdVIa5/Yj/986YyZdeAJoBrLY=":{"valueMac":{"type":"Buffer","data":"gx/J22wjvaFITWw6urJhMH3w/dWVJO3/yNeccyuJJZQ="}},"ycUkk4hUOdtb1X1ovIhSXvoa5YsIJs8beBpXqPw91U8=":{"valueMac":{"type":"Buffer","data":"L+sgFi9jjy+UTkDDMz1WXCwAAM/DW6d53LLM5oXLV0o="}},"r0PL6exI7igzd8odGRt5NQ1j437b/i4Mhm6//93M9xI=":{"valueMac":{"type":"Buffer","data":"qIk651+t2njIRJHr2a+2rKKeo1lnMUmYRNGJlkAepM0="}},"ossiFAZ4SdfQ7O4q3M6Vb2mqX5xczIJY/naPTf8edlU=":{"valueMac":{"type":"Buffer","data":"0kEAtZZW9Z8JCPQyqsvq9URtsH7nYMmI6ZSXKowyOlo="}},"DNEpUrUA8H5lWs64bNmtKNARqw9seCEnkKYJnikjN74=":{"valueMac":{"type":"Buffer","data":"aIERsaKNwI4KTIQ18K7zY01T5VlsW1hVjnSvWwdOtOo="}},"LDwmCx3YV/Qfb7fXjJscxpgb0Rsh2ZGQLJ77brGh53w=":{"valueMac":{"type":"Buffer","data":"J2rWjtYl5PvOhBjONxHG/s3o4kHo8A1jzF7nt3huwaw="}},"Zt/DTksmmbR770iezkeFpFm0ELyYSywPdsn8rl/m7hA=":{"valueMac":{"type":"Buffer","data":"5uUpm7OBbA51mpvMZb5C5s5O9v6e7P3vK08NVLnEROc="}},"aCf0bJ/w9KAT7jpZ+dq5dKdIA6cLYOt+vXuxOKBVKGk=":{"valueMac":{"type":"Buffer","data":"AWZSXoq8wSBOswnIqW/Pabl4jTgTnspDlaQ566f2Bgw="}},"fadbU1MQVcS0W8OJ/Fv3oxBUscLdkpmdQe7GuTfegVg=":{"valueMac":{"type":"Buffer","data":"/u95TPCgUr7mgVFXlDPoGYmpdlblkLNIqarDY8wH8QA="}},"dAO1E3BO9bg/bfWWXEQOVv1gNNJCuxJAIJ8M5jE9f9U=":{"valueMac":{"type":"Buffer","data":"9AtMnIwL2TenTTZQxvFs3pSflAfuViZaljS8VMs2+mw="}},"ARQu9BlfyX7rGjiFvjdrZLOEuxwxqulG3XisrijcoTM=":{"valueMac":{"type":"Buffer","data":"C2DWAfX8s50OFF3FtLZaBQE+zoXyAHqoNXnKmhQ5WDA="}},"6Dk+FiojNJY+T9ZeCkLXWvd/t9EfY8iQIKBH+iZjUG8=":{"valueMac":{"type":"Buffer","data":"0gJEBlfL/Mp1b1j/JUgXbDUF4n+P4KY819vh6H9tsm0="}},"sJ1g6MKV3fb7Ulm+Gbv0XKD35FuJpbLZiaeqsL0FqLg=":{"valueMac":{"type":"Buffer","data":"xCKY/QFe0V9tFtBidgk+KYxc0Nb+kunNYedSj7vHYQg="}},"16goqLWWEbkXSR5eRgT+ZLTkao20US/2oW6i4I+KSTU=":{"valueMac":{"type":"Buffer","data":"5wCtk9KLY/mHxF2dzVy8wFWxYJSoMMHnqPAztwgViwU="}},"CO/3DJYs9734zoKI8lHV20/Zxb9NOfia71omjdjxAO4=":{"valueMac":{"type":"Buffer","data":"q9ATtdxHisPlNN8ucLMLxgeWkOubC3bVrsFQc5Ji3gU="}},"6t6Icf68tWJge4dOOZfoq2TJxj06Y0RqgnW0toNm/0g=":{"valueMac":{"type":"Buffer","data":"B5FWpthfx2lEMRWUPJnciEZrFCJ4r8LITpV/NkaggTw="}},"siclDzhmW+hHedPPSJeQ6yN35GdW3dfG5uR/+AX96RQ=":{"valueMac":{"type":"Buffer","data":"GwcnoQi4vicF3FMs+hiVpmIIvBx0VowtSV2KX9Y5GR8="}},"XQvb7TWSnABK+aemdeRNBu2umLrUn+s3sK/SAwKHFk8=":{"valueMac":{"type":"Buffer","data":"MmGIvAE2th1wIEPibM4A1sSnz3ztwQgp7UaczUgCm8c="}},"SMS1AgCLwwHEWd8fPf6rzIi4iVjmpmYRoQWcMvKCB5Y=":{"valueMac":{"type":"Buffer","data":"FbJRsmdSXyB8QtGgMcwXNzwv0Q+gf7trL94+fMmX39M="}},"5LHXZ/Of9+m2JNCMjnapcnG0PIE0aGYFjryR2kBGr1M=":{"valueMac":{"type":"Buffer","data":"QYJCwidl+37Czh7Gigngr6G1KzE22cReTD6N25d1ZrI="}},"AL+EnmPmDqouOF445GExJZZUrUgq2Xye4olgJC4JpW4=":{"valueMac":{"type":"Buffer","data":"Gk/lxoaKe6QaEcsjipxT6stlFXe6W3/amKlGNpC/pB8="}},"GgUmYuJdRE9qG/wHQG2xkouZBSwWxa4VG1iIKX+WJNc=":{"valueMac":{"type":"Buffer","data":"5q0e4hw/SWcv+jcD2DhAHTTq9iIuq2vWVam3viFJp4Q="}},"Hxh7qcfZGCGv3qW0HZeTXiGVOnbgMzbKtl1D6LdvldQ=":{"valueMac":{"type":"Buffer","data":"ONwGtt9mzkIHJS4ezRxC2IAf3pvAK/aUGVw5sJA/R8E="}},"XtX7ZmjLhDN442agr0je31uyadUcqMFnXhzIdrC2fPE=":{"valueMac":{"type":"Buffer","data":"ldz5dU5Ta/UUj6l6VW6SLYKI04nFjQ9ykQISbgZRLsA="}},"5+Zsa/g98MgDmLleSmTvOMuVTWh4/6ahwujNlaVrb8w=":{"valueMac":{"type":"Buffer","data":"qul65/C+Enfj/Acwkjg7DmKwc62EuSce+Audz4DtoOU="}},"w+t+RbGRb7VLAZTT20F3Du+i7XXm9FwWzKDSP14cBGg=":{"valueMac":{"type":"Buffer","data":"LuR65/Unkmsn8C00ir/d9JyhxiTyhfxNEQvLIqQnqfA="}},"IqxLKoF204LBbLbdcsan7s7pY5VQOwMy6IDk/Se/1K0=":{"valueMac":{"type":"Buffer","data":"PbAT8g7gr3Dj0qwtkgdIenieFdHU6/yXq4MlB4Ab2e4="}},"hX3GfQ3IivM29MdCi5VSxh0GZqUovDZojNtlo4vZfhw=":{"valueMac":{"type":"Buffer","data":"VUys19opRByH0KPlKkmNplZQztojHvPQMXWUJVhMoWY="}},"7BydnVcP6bXJLThDN/Hv3DAnNJnIpzb3UzwkEjL28NA=":{"valueMac":{"type":"Buffer","data":"AxUIcAVbq0UBqUyTtrLZfoRI5BqQCy5oA82dJts6ZuQ="}},"UVTMdTWas8IOXhJEjdbbtfBEs5kwp8qPvDQpb/RVns4=":{"valueMac":{"type":"Buffer","data":"AmhrZGEOrMZtbmclsOQuZr/MJch8pSQEJc+rG9omMMI="}},"3E0YXIjj7VXu7XNKrZ8deu683xDh9y9qDqT5yCNOwzc=":{"valueMac":{"type":"Buffer","data":"9OmL3FyQK6eiT9Hu/3bBIYzJRJU+qAxfXJxH1FSTLj8="}},"XKeKZ1LE7lD2NAwg9epyzGxsb9Pbg7kiLcWqht1PyBg=":{"valueMac":{"type":"Buffer","data":"cEdcJJUysFqnvGISGafirqh8j8jB7eLxz0uZXI+MhdM="}},"9YO+7wVPGNCQ8Kb/ZLRVpLUaepV0pHPqVjzEmbxaGLw=":{"valueMac":{"type":"Buffer","data":"Bd8hTOah8xZKavIyg5wKdzmwp2O/pQBJfM5Oiwr+/uU="}},"VhklDHgm25HqZh2vglfg7n4iESIaGvlr3QnLdYS2EAQ=":{"valueMac":{"type":"Buffer","data":"+c7fwTQYQH5mk5HDwrr5PhHo0B68C8Y3x66sfwaxonc="}},"BNYVvptA/8OevlPFnaKSPYjinCWVv/KycE8uPD2J4YQ=":{"valueMac":{"type":"Buffer","data":"m7KtDeWU/CnqIUBYWDBpnNaCrPknfW7CD/UKxGQx+gI="}},"5Yf710aW6hatbmrW6opHkCi6LzR8l/+YKuu+eq3HgwU=":{"valueMac":{"type":"Buffer","data":"xwpF4hi41QUPZWPnnz/mmvps6uaVeLEVPoOiociVuPU="}},"CQeafWfnHOFV/784eW3IUf1kdG1k7EQB8xMJfqU+Yqs=":{"valueMac":{"type":"Buffer","data":"cUAKdn22qcPS9m8YBg6YdRpNQTs3r1JQXtvKqf1rCKo="}},"vfSO02MMRDTwNt8C9HqGv+qdZKnjbEY8e58Wv48zu08=":{"valueMac":{"type":"Buffer","data":"7urXUVo2DSEeuuZ2ntVKmibDAE1vkT891q9pGNwU5kY="}},"EGTo4dOLG5KwlB98OB8GYGrhb/UAZRkBlEFiMfO6Ovs=":{"valueMac":{"type":"Buffer","data":"QitN6/GHZ9w+yv7+7vu1bIumg9AbTJl6xydS/2nHjtU="}},"aEiVN/YiR79Ih3/2vvN64ihlj1HrUI1YzqOmGMNLleg=":{"valueMac":{"type":"Buffer","data":"8rOEbpYtH+52iOURxeNe0rrYWmg4jjkcYKt5hNnAfTI="}},"+iQTaDUIWts7Zz813FIkoiDYsKsX+RXnC7lRxsSCl98=":{"valueMac":{"type":"Buffer","data":"w026kmA6ACCvapdRf7CToRXhS9DsCDX7CWHnbMmVXT8="}},"I4ufmberRBvaCY/K+6mwLCsiDjqkXFI4UxtsiRUbJfY=":{"valueMac":{"type":"Buffer","data":"qi1TjsSoqw1Ib1uhraAPC6p5kg6ker70ehwrL/8b1dE="}},"uiuIFLsINXAyQlcfuiyqfi1QkCYaFcO3eH+dN65Egy4=":{"valueMac":{"type":"Buffer","data":"sjqa8KB0DKk3Yd7A4c6nRjfYzTRq/1Nu6ujw9p7TsA4="}},"7hbVEbSVjfY3mzMM7zrZVBxR1h4AGqSxNc1Ab112s6k=":{"valueMac":{"type":"Buffer","data":"Xsgvt8wkSmm9Py0t5Y8RGiQLQfOuk/COffT2H/Fjwkw="}},"wl8XXZmuPQqUPVKjrp4UJE8Ss/j4M0pq1k59o6aw9CI=":{"valueMac":{"type":"Buffer","data":"5prOeWZNh/7Fgd+bvHkYjLv80Ug+zf2uEsR+t3YffYg="}},"p/BAlMK3o5VViY+RJuzTM+ZKx3j2k3oe8v3eKZtDb/Q=":{"valueMac":{"type":"Buffer","data":"dWM5gYEaLXsSu0RW8qpSMR5gq5eR9oQm6Vp/DZC5S6M="}},"aJG9HV22kP77FzJw76WUgq0Pz3d/oT1tjaRlR3Md210=":{"valueMac":{"type":"Buffer","data":"JnmRuDrV+tBSHCPK1ghMhub6nRdB4SmhffTlbNYBQO4="}},"DcnctjWETraYkx4d0yXbDaChPkgPwRU7YP4RZJArNgY=":{"valueMac":{"type":"Buffer","data":"NMgKl4ClTwHJ0xF/XDg7o40Ks95JAlTIsbATMg9g90M="}},"khTXA7/MZugB8C/rtw4hMypDX/d2SQPcUjnYINDBcRc=":{"valueMac":{"type":"Buffer","data":"35SDkYhK5UreHsYV9ImxHgVVv5VmWz/bYVSuqqzBRrM="}},"Ojzb7OsGgrO1vUgERPuRNAOf6yphnKniM33HcGINsg8=":{"valueMac":{"type":"Buffer","data":"slljIM0MS5Wv7bWd2H52sWptTL9Q+awY3qagf8uGUA8="}},"A9ul3OAl88Yvh36xc7eQ+motUHEgyfTLAbj3umVR+mc=":{"valueMac":{"type":"Buffer","data":"LrRj1g8xjiRShxbdyhZ8KdjoSTcFfaE/EeATZKyJmvI="}},"lqnYqXI9YHaykmEBw2BTcZYmXDB/kSNvepNA0m5AkUA=":{"valueMac":{"type":"Buffer","data":"VdJsj29HXQ+hez1YcGKWh8Hf5gYe9g0MKNjVNmT9z1c="}},"c0PeK4Gn5Y/+RYk585ygxUlDbnB56NXNx2yOHyOvKPw=":{"valueMac":{"type":"Buffer","data":"FhoMgd49X55hehSv6eUH49kw5wBhTmcAfb0xilr2Bwg="}},"Zx5yzWo4eoQ0DU10OafyXsg3ne0huFa5BgHo9Nf52Do=":{"valueMac":{"type":"Buffer","data":"GzNU6M0PEeyeePZmSy5ndoxKiKgk0KpVhtmZDSow3Vo="}},"jW78/+FHyJ7uscUglb0xpD4n4cAZja6swIofyLnZWFo=":{"valueMac":{"type":"Buffer","data":"z9xNysD9Kzn1mX5mMqKa3sdvOR3IUW2bJYa7bYN+W/s="}},"05LFAD8n7ykTLn3PpoThajcTZudEepl03es4fHOdRgc=":{"valueMac":{"type":"Buffer","data":"Xb9YL8A3/AM6gjnwW/wa37wv6qMXJ4UowVNh47hwu+0="}},"vlZeckzeRla9q5RmwlC0Nsi/7t9MnTSI0XRc6T8vRH0=":{"valueMac":{"type":"Buffer","data":"tcsXJo7O8Qi9DTr2PqRsfmzCH4CEBx1QoEXsR/FlJBM="}},"cI8tPIu8CVlkmuBBat0lR+kfDlPEMA21PwYRTuh7nlw=":{"valueMac":{"type":"Buffer","data":"IB2ci59SC0OM25K6U0pku4fm7eKbG7Za0knLKlYxKvE="}}}}