{"noiseKey":{"private":{"type":"Buffer","data":"aNFsVCQ3AjoiW+y1JfJ6pMmKZvU4wqgAmlmmTiF+zkI="},"public":{"type":"Buffer","data":"/dqAeZCKk4iPOKR0WFV5F6bx/mWaOT0Mg2h+KROtllg="}},"signedIdentityKey":{"private":{"type":"Buffer","data":"0IyuHyiCiuYczYd839EA0V8CGfaybV8D1hkAnV7vfmc="},"public":{"type":"Buffer","data":"ey0sCo5cZiftP9yjOONoXcaAFnb55hDU9qhGCjMFNio="}},"signedPreKey":{"keyPair":{"private":{"type":"Buffer","data":"6JA9QUiF75laWVXm78L/Swlzi4DLXfImcww1GYpsRG0="},"public":{"type":"Buffer","data":"kjXByBhHkprNe4CMHAMGYMBV35O1W3w6CoenaxcSNVY="}},"signature":{"type":"Buffer","data":"z1HATmS4JQ0gBgoFJTmQV4ef8X2l7jGokImje6pPI4ovjTmoSb1Vhh+5Up0c2JE8TWZORvKvgtceb6b8d46FCQ=="},"keyId":1},"registrationId":40,"advSecretKey":"Fo8RDeivTUhJSIsANyvq3xiSIb3cVwFqmah1U5Bp0TM=","processedHistoryMessages":[{"key":{"remoteJid":"6281276958403@s.whatsapp.net","fromMe":true,"id":"347B1DBE461370A2AD8A46B5F73C95D1"},"messageTimestamp":1672470773},{"key":{"remoteJid":"6281276958403@s.whatsapp.net","fromMe":true,"id":"FD4ECB817F9CD0A6EB0C0BE2B1EC3E94"},"messageTimestamp":1672470780},{"key":{"remoteJid":"6281276958403@s.whatsapp.net","fromMe":true,"id":"7EE0B15CBDB125261E392E928D810F0D"},"messageTimestamp":1672470889}],"nextPreKeyId":31,"firstUnuploadedPreKeyId":31,"accountSyncCounter":1,"accountSettings":{"unarchiveChats":false},"account":{"details":"CJHTyVMQ5cG/nQYYAQ==","accountSignatureKey":"TnVLkKN92DStJ9WwplQX5YAyQxTC09os5u5CF+UeBkM=","accountSignature":"2uquFGiw5hl9PhMf8ojq1KLSkb8WO+WlDrj3n8HKPX9bt2rkA8pqCtaQ/Sv0yQco4YxKV8vnvzA3u+bOITRqDA==","deviceSignature":"ewOO1kVjR8N4JWBDBxgVRTEb6hwBv6ydBJehxY+EhTzzExv6wRxTf9pdUVAnZHRvMpr77U+LkhkPjJzJ2tczBQ=="},"me":{"id":"6281276958403:2@s.whatsapp.net","name":"keep smile for my self"},"signalIdentities":[{"identifier":{"name":"6281276958403:2@s.whatsapp.net","deviceId":0},"identifierKey":{"type":"Buffer","data":"BU51S5Cjfdg0rSfVsKZUF+WAMkMUwtPaLObuQhflHgZD"}}],"platform":"smba","lastAccountSyncTimestamp":1672470759,"myAppStateKeyId":"AAAAAICw"}