{"_sessions":{"BXvtsbXpUlDIGOTATrJXv+IilELMaTRmMkgJ/id1VgVe":{"registrationId":707946929,"currentRatchet":{"ephemeralKeyPair":{"pubKey":"BTy919vQfM59IEqvvjtl/I3S+1UBGiCzhRX7FBD+h6Bt","privKey":"kJHk4llpN4TcguZQ4k3dINdPua40AEoBbvBmX5SmJkw="},"lastRemoteEphemeralKey":"BX+dPR5h+fHU6aqa6sJJbPYu/x9oAX347ki4+knZij9f","previousCounter":0,"rootKey":"8GVE3tNSfhitq6IoQ9epZxwdbiJLSy4fbmpT86rhsoM="},"indexInfo":{"baseKey":"BXvtsbXpUlDIGOTATrJXv+IilELMaTRmMkgJ/id1VgVe","baseKeyType":2,"closed":-1,"used":1672470844027,"created":1672470844027,"remoteIdentityKey":"BfNsXhKw7bmD0l6Z/4RTDuAn5VWVdIFy2PdWc+J2L5BI"},"_chains":{"BX+dPR5h+fHU6aqa6sJJbPYu/x9oAX347ki4+knZij9f":{"chainKey":{"counter":0,"key":"PDyMytWBtklr6Z16z21N/kRv36fL+MdaOoXRguyLXN4="},"chainType":2,"messageKeys":{}},"BTy919vQfM59IEqvvjtl/I3S+1UBGiCzhRX7FBD+h6Bt":{"chainKey":{"counter":-1,"key":"0V4MkGqtd7s8iRa36Sg9ddlS47rRXJ+Rm15FR7y7P5Y="},"chainType":1,"messageKeys":{}}}}},"version":"v1"}