{"_sessions":{"BXOTF52WMuYcp+dJuM+8ICWmZkJDl4khHKEz+khD3sla":{"registrationId":1845013939,"currentRatchet":{"ephemeralKeyPair":{"pubKey":"Be79SwGM2OQ0KJ3jf17oABz+U1UM4SH3h/t84bFZWoUf","privKey":"0DvIKltwgqXZuShcAfOf4u+Aze+wkDQCR86W7PIWqnk="},"lastRemoteEphemeralKey":"BW9IcNtSj9CsQpllt87wCAMFp/jD1Sj1/R9ZdV/nttVO","previousCounter":0,"rootKey":"eEn4qX31neT19l3RxcnIGdh1CEgHSQojDtb52SFSRRI="},"indexInfo":{"baseKey":"BXOTF52WMuYcp+dJuM+8ICWmZkJDl4khHKEz+khD3sla","baseKeyType":2,"closed":-1,"used":1672470760784,"created":1672470760784,"remoteIdentityKey":"BU51S5Cjfdg0rSfVsKZUF+WAMkMUwtPaLObuQhflHgZD"},"_chains":{"BW9IcNtSj9CsQpllt87wCAMFp/jD1Sj1/R9ZdV/nttVO":{"chainKey":{"counter":7,"key":"AMnIfeTgNC0z+/hdYk8iqJSi2V8QK5NkDjHVjkckaRQ="},"chainType":2,"messageKeys":{}},"Be79SwGM2OQ0KJ3jf17oABz+U1UM4SH3h/t84bFZWoUf":{"chainKey":{"counter":-1,"key":"Li3NRYn4xp0i61gPUq1uHxgRhANpkZTllPRBRzwCwd8="},"chainType":1,"messageKeys":{}}}}},"version":"v1"}