{"version":3,"hash":{"type":"Buffer","data":"OLw3GnKBmRTeOcHqbMd8iuK/z0rgGpDPYaKL1cC0CQfkLzV5o00lKbcEZhijzb3SEya6aUJoBwNMeVXEZy7jCR7lXUhhqSt7ZkW2x6UzI2v2gG+YeyX7PFtMN0ESdIaTXQa+H1kAHqRvH0N4CcgL4cIPaNoFtNF7eQzlED9+qSE="},"indexValueMap":{"3yPBQxm7kHqSlIExvb2YZAhSlIW0uIiVyk4X/FBQNrY=":{"valueMac":{"type":"Buffer","data":"+WZO4wGW0xinjf4GVKcC6zMtWblWZgay/Y1mHMBiNhc="}},"xTuLJRUkSJ6/XJI1Of4OkEnDnGF0Yh6gA4xUe2mmex8=":{"valueMac":{"type":"Buffer","data":"IAEDR8cOv1/+/g2j3gen6hmTqiy3XvZkbMHNDPa7he8="}},"ji61hp9D76K8c4DYcNCmvO+NJIQHyvN8le6HEtHmCBY=":{"valueMac":{"type":"Buffer","data":"r0bKN7NwEagz9ZuryeSInwR48cYBkFKRnWMRdw3ox6s="}},"zYrT6Y4HbhwQdRXGObMoNzRMp0Y7fgIaLfBeiCpbsno=":{"valueMac":{"type":"Buffer","data":"LRYpckUiSBpogPPqSVoq+ukvQ3jItkmj7nsklF0L7C4="}},"3ZjV2PVcVD9OaSZ8v8buL+OvO6lFfJqU+QcvVxnTCHA=":{"valueMac":{"type":"Buffer","data":"fNiQxajdYEAwMPrR8LLq8C+mn8oEBJD626c4Wf3jot8="}},"yqoIfDZDkMQc5z2dBsGz49mYvLn5CHGMiPsPVgzY2tg=":{"valueMac":{"type":"Buffer","data":"HHEtx3R1dytQENS84gyBoJEaOp4vgRDD1/uxw/ZQgjI="}},"40eMYgalO4i8P7mMxgT6srIGCcBGUaNUhWssLANoulU=":{"valueMac":{"type":"Buffer","data":"GKOmNqqF/dDq2YZPlMhHQwKzQmy77NQ1KxGs4HwzOIg="}},"QdQjLki4H8p3udx4hicBSdqAnMTNGTvjzFlunFzHXwA=":{"valueMac":{"type":"Buffer","data":"m2dEuHm6zrWbrpx1DOW8QvCemG+a41VlkN2EVupcHuA="}},"Huytyu3aCNtFbNw1c1MK66uMNBqxcPyqRU+isCeFtfA=":{"valueMac":{"type":"Buffer","data":"Zbyb7R9thTSjJwAlgOQEU5SD7XuMauYZVNBAUhqKVMM="}},"1VdP+Ncv0UNU7WEe7CBeWYoB+MdQVE4Ewil7qS4gFZo=":{"valueMac":{"type":"Buffer","data":"2XDLrD1ji8oo84yGaEo9Ehxd9kk+UL+H/t1XZNAeUjI="}},"FAXai8ym1XWYpZ3PRIEYK7Nh/BzTxJd8V7yV0npThiM=":{"valueMac":{"type":"Buffer","data":"lzgfeM3nSa69Vc84pA6kKAzK+iddzRHWTqUl06YzrpE="}},"6+UsZfNiQjE3JVUCvL9tAHBe6d3QdIs6GqUyAQwhbnw=":{"valueMac":{"type":"Buffer","data":"71TXxHIxM4B4oBfWxFW1yOb1VPd3tx7rpxlzZw1hQgo="}},"QruRlZtrPi0WNmmQNiYa8a3SABhxY0kZjg1mDoPSkag=":{"valueMac":{"type":"Buffer","data":"/H13cUvlTGn2LHCAV7jh/9TKkwCyGbQM0aU2e8xqQA0="}},"KhZSOdCZtihjM1HSwZNPnqLPxQfkKGSJm2yRYkSWX5g=":{"valueMac":{"type":"Buffer","data":"hS8jaPfoUxU1H9icdKIncYXPT/6A0v4wVzc67wnoOW0="}}}}