{"_sessions":{"Bft+pEiF9CyE0qUeAACsQ3g8fmcRemdbQ+TY3sBKaKsB":{"registrationId":48,"currentRatchet":{"ephemeralKeyPair":{"pubKey":"BbDSNTdijHi7FTjsbs12mD7scoYhh5F+0nFQfDuJ9+Ro","privKey":"4BxJeRYmFa0fP1RtkZtlCMUN2P2o9mzSohge4LX1fHI="},"lastRemoteEphemeralKey":"BTs9MrB+sOCYgxV/2dbcrWAmxAstvgkixQMiXpbkS+No","previousCounter":0,"rootKey":"no2ydTm/RACbLDAzoXE/7iOXoTIwdQ50wXMLLl6gTFM="},"indexInfo":{"baseKey":"Bft+pEiF9CyE0qUeAACsQ3g8fmcRemdbQ+TY3sBKaKsB","baseKeyType":2,"closed":-1,"used":1672470911011,"created":1672470911011,"remoteIdentityKey":"BfzyKgdooW0u2DgpwUYn9AtIUfQrgDTtV8MFizGgqDID"},"_chains":{"BTs9MrB+sOCYgxV/2dbcrWAmxAstvgkixQMiXpbkS+No":{"chainKey":{"counter":0,"key":"iqTRMRz9cWE/OlVri94aYuBakOsvmZuuuMsdjGHO0eQ="},"chainType":2,"messageKeys":{}},"BbDSNTdijHi7FTjsbs12mD7scoYhh5F+0nFQfDuJ9+Ro":{"chainKey":{"counter":-1,"key":"huFE4QN6bGzv7eO6PmglxqAsq7qM7qIG4npJ7WQw+sE="},"chainType":1,"messageKeys":{}}}}},"version":"v1"}