{"_sessions":{"BTzGTRKdqx5AaqTfsnkD5h101F9AALRfxIYUI9SmbsYL":{"registrationId":304989169,"currentRatchet":{"ephemeralKeyPair":{"pubKey":"BYZclRmgTWfqr3MzHr7kaVBpbrL4a0I26TXt1oM/T/44","privKey":"cMmFanBml4qqc7eVku3a9QJenyiqjkH0019S2Yd9NXs="},"lastRemoteEphemeralKey":"BY34kfc/dBP7iKyB+c2PP0M6ipVj0yHV+Dzcyl1ozq1D","previousCounter":0,"rootKey":"ZrZbfhjhMhJ2ceOGAEHns4JFOPIkaNS5c8B1BPzP8Rk="},"indexInfo":{"baseKey":"BTzGTRKdqx5AaqTfsnkD5h101F9AALRfxIYUI9SmbsYL","baseKeyType":2,"closed":-1,"used":1672470855837,"created":1672470855837,"remoteIdentityKey":"BehVBfyQfi/h+kEv3fdcs350Ka7z8/XocOAyodKiMDEw"},"_chains":{"BY34kfc/dBP7iKyB+c2PP0M6ipVj0yHV+Dzcyl1ozq1D":{"chainKey":{"counter":1,"key":"ZKiIYml2qJAqr8nHm414VWCJLRuGpWxBSZJyDF4DWkw="},"chainType":2,"messageKeys":{"0":"vLmg4jGUPPK5DDU0ZSeoJ6dpzkGk+bSL00j/rQpto98="}},"BYZclRmgTWfqr3MzHr7kaVBpbrL4a0I26TXt1oM/T/44":{"chainKey":{"counter":-1,"key":"LXfJ4qc4/vraek6fdaeLw76R+A/ZRHeF3dCgR42m/cY="},"chainType":1,"messageKeys":{}}}}},"version":"v1"}