[{"id":"6281338302495@s.whatsapp.net","monay":92140},{"id":"6289602613255@s.whatsapp.net","monay":92140},{"id":"24104291571@s.whatsapp.net","monay":92140},{"id":"62882020692678@s.whatsapp.net","monay":92140},{"id":"6283832656941@s.whatsapp.net","monay":92140},{"id":"6285338072109@s.whatsapp.net","monay":92140},{"id":"62895616546800@s.whatsapp.net","monay":92140},{"id":"919113640254@s.whatsapp.net","monay":92140},{"id":"6281276958403@s.whatsapp.net","monay":92140},{"id":"6283840291844@s.whatsapp.net","monay":92140},{"id":"6281233909229@s.whatsapp.net","monay":92140},{"id":"6281368114502@s.whatsapp.net","monay":92140},{"id":"6283836056345@s.whatsapp.net","monay":92140},{"id":"6288291458289@s.whatsapp.net","monay":92140},{"id":"51955088505@s.whatsapp.net","monay":92140},{"id":"62882020692678@s.whatsapp.net","monay":92140},{"id":"628884252890@s.whatsapp.net","monay":92140},{"id":"6288270999506@s.whatsapp.net","monay":92140},{"id":"6281321109703@s.whatsapp.net","monay":92140},{"id":"6288217038626@s.whatsapp.net","monay":92140},{"id":"6287828074738@s.whatsapp.net","monay":92140},{"id":"6285790846616@s.whatsapp.net","monay":92140},{"id":"6281391293595@s.whatsapp.net","monay":92140},{"id":"6282197170314@s.whatsapp.net","monay":92140},{"id":"6282123398010@s.whatsapp.net","monay":92140},{"id":"62882009107336@s.whatsapp.net","monay":92140},{"id":"6282123383748@s.whatsapp.net","monay":92140},{"id":"6288802861764@s.whatsapp.net","monay":92140},{"id":"24105499110@s.whatsapp.net","monay":92140},{"id":"6285923138391@s.whatsapp.net","monay":92140},{"id":"6282228669890@s.whatsapp.net","monay":92140},{"id":"6282228669890@s.whatsapp.net","monay":-907860},{"id":"6282324837941@s.whatsapp.net","monay":92140},{"id":"601151504811@s.whatsapp.net","monay":92140},{"id":"6289523717797@s.whatsapp.net","monay":92140},{"id":"6289639588670@s.whatsapp.net","monay":92140},{"id":"6289644400564@s.whatsapp.net","monay":92140},{"id":"6289644400564@s.whatsapp.net","monay":92140},{"id":"6281276958403@s.whatsapp.net","monay":-907860},{"id":"6281276958403@s.whatsapp.net","monay":92140},{"id":"6281276958403@s.whatsapp.net","monay":92140},{"id":"6281276958403@s.whatsapp.net","monay":-99907860},{"id":"60134466801@s.whatsapp.net","monay":92140},{"id":"6287785508244@s.whatsapp.net","monay":92140},{"id":"6287785508244@s.whatsapp.net","monay":92140},{"id":"6287785508244@s.whatsapp.net","monay":92140},{"id":"6282273138702@s.whatsapp.net","monay":92140},{"id":"6285888181832@s.whatsapp.net","monay":92140},{"id":"6282249015848@s.whatsapp.net","monay":92140},{"id":"6287861140828@s.whatsapp.net","monay":92140},{"id":"6283153401691@s.whatsapp.net","monay":92140},{"id":"6288225268488@s.whatsapp.net","monay":92140},{"id":"62882007142083@s.whatsapp.net","monay":92140},{"id":"62881026009477@s.whatsapp.net","monay":92140},{"id":"6282197210183@s.whatsapp.net","monay":92140},{"id":"6282146482998@s.whatsapp.net","monay":92140}]