[{"pesan":"boleh minta sc ga","balasan":"ga boleh","creator":"6288245009287@s.whatsapp.net"},{"pesan":"Kontol","balasan":"Menurut badan riset perteknologian terkini dari profesor George Thompson, kata kata ini melambangkan sebuah ke autisan dimana menurut prof George lidah dari seorang autis itu kurang mendalami sebuah kosakata sehingga hanya bisa menyebutkan kata kata yang kurang pas untuk di dengar manusia normal","creator":"6288245009287@s.whatsapp.net"},{"pesan":" P","balasan":"apa kak?","creator":"6281338302495@s.whatsapp.net"},{"pesan":" semangat","balasan":"makasih kak","creator":"6281338302495@s.whatsapp.net"},{"pesan":" error","balasan":"maaf kak","creator":"6281338302495@s.whatsapp.net"},{"pesan":" assalamu'alaikum","balasan":"waalaikumsalam","creator":"6281338302495@s.whatsapp.net"},{"pesan":" Selamat datang","balasan":"Haii","creator":"6281338302495@s.whatsapp.net"},{"pesan":" hayy","balasan":"hay juga","creator":"6281338302495@s.whatsapp.net"},{"pesan":" mau jadi pacar ku ga?","balasan":"g","creator":"6281338302495@s.whatsapp.net"},{"pesan":" mw jd pcrku?","balasan":"g","creator":"6281338302495@s.whatsapp.net"},{"pesan":" tod","balasan":"y","creator":"6281338302495@s.whatsapp.net"},{"pesan":" ohayo","balasan":"ohayoo","creator":"6281338302495@s.whatsapp.net"},{"pesan":" pelit","balasan":"oh aja","creator":"6281338302495@s.whatsapp.net"},{"pesan":" lawak","balasan":"y","creator":"6281338302495@s.whatsapp.net"}]