{"noiseKey":{"private":{"type":"Buffer","data":"cFGC+2jPLYZXaZLTEJqPhtqmpnnhLM8Mw3rjQJbEpH8="},"public":{"type":"Buffer","data":"NHMkHCMtVR/gX1idt5/8OFM5x0A4syBt5a0UnG2gvFs="}},"signedIdentityKey":{"private":{"type":"Buffer","data":"8PUHshkOfqOuiQSECGXUf1PUj+tYVerlbR345qsAa3k="},"public":{"type":"Buffer","data":"O3jSDjQvp3RoSFhBV5lrE5ZSvpb8wApJYvv/hjQChgg="}},"signedPreKey":{"keyPair":{"private":{"type":"Buffer","data":"kAbdXzrz/oEJVYbgoOOB9KOspL0Sf7moSk3wiEmZbWE="},"public":{"type":"Buffer","data":"0jsOPLXvucFHSH0tKlzw342fjsI8//cCcgK6cdW/b14="}},"signature":{"type":"Buffer","data":"S2TYaX8hwKdFEoDXMoWy7PwcBviCRzuQtb1n2GJD5dZMjtjCCJXceT6TaJSkwoHzPBrTkQL73V/5z/r4Pj/Pjw=="},"keyId":1},"registrationId":121,"advSecretKey":"YuFxlHmSDzapklDfmvFhS+DVqHtQBnQNCZ+NiG6N8+k=","processedHistoryMessages":[],"nextPreKeyId":31,"firstUnuploadedPreKeyId":31,"accountSyncCounter":0,"accountSettings":{"unarchiveChats":false},"account":{"details":"CIqit7ABEK/p850GGAY=","accountSignatureKey":"SdnBWMKINM+CsFuk+y3nZpi0n4lw1F19JVUofl08VHI=","accountSignature":"BzLSxdE+615E3UUFy7gkPnyu2Ymxkqc5TMXSmRK85Hcu5wk8SAakZX+PYr5220ZGzc9bK6jb9K8d4t+WaTftDw==","deviceSignature":"Z5PZfDhJT+6set51DDy+ftGYKDNn800yPSpSLMBdgzd/q+Z2c/W0cuo1UIfaA7mR0DAuvMDySCFxHsLjxDZkiQ=="},"me":{"id":"6281338302495:5@s.whatsapp.net","name":"Cecilia Lucia Ximena"},"signalIdentities":[{"identifier":{"name":"6281338302495:5@s.whatsapp.net","deviceId":0},"identifierKey":{"type":"Buffer","data":"BUnZwVjCiDTPgrBbpPst52aYtJ+JcNRdfSVVKH5dPFRy"}}],"platform":"smba","lastAccountSyncTimestamp":1673327794}