{"_sessions":{"BcrO88IpGAW/fsYdL/Q+v/ebyl1Um3Z/wTtQRffLj2pS":{"registrationId":903245292,"currentRatchet":{"ephemeralKeyPair":{"pubKey":"BR2kV0tLEZbboBwTpGpNXXh35aswJm5y3FGkJOiF2mRO","privKey":"mFvBJPgcOGueQxXYFUbbXbR5bu3AazEJ1HqdnaalsFw="},"lastRemoteEphemeralKey":"BfGSb187denarqKOc6yzdWEkwcRuaade8Xa2QNup2lJ3","previousCounter":0,"rootKey":"I+acTtsDR8fXNlmiK6u17k2SdK0n4SuF2Mjbc2vQmbI="},"indexInfo":{"baseKey":"BcrO88IpGAW/fsYdL/Q+v/ebyl1Um3Z/wTtQRffLj2pS","baseKeyType":2,"closed":-1,"used":1673327795252,"created":1673327795252,"remoteIdentityKey":"BUnZwVjCiDTPgrBbpPst52aYtJ+JcNRdfSVVKH5dPFRy"},"_chains":{"BfGSb187denarqKOc6yzdWEkwcRuaade8Xa2QNup2lJ3":{"chainKey":{"counter":0,"key":"l1TKy6ANxay4eXQNwux+7CG1tHm5AR9DOqApjSmv0xY="},"chainType":2,"messageKeys":{}},"BR2kV0tLEZbboBwTpGpNXXh35aswJm5y3FGkJOiF2mRO":{"chainKey":{"counter":-1,"key":"cws5pwSqc7z1YhSHsMPtihFSaXQbtEZp1p9xmsgNylo="},"chainType":1,"messageKeys":{}}}}},"version":"v1"}